danceability,energy,key,loudness,mode,speechiness,acousticness,instrumentalness,liveness,valence,tempo,time_signature,track_available_markets,track_explicit,track_type,artist_main,artist_number_featured,track_popularity,track_album_release_date_precision,track_duration_ms,award_status
0.451,0.673,7,-9.115,1,0.0734,0.0857,0.00225,0.797,0.583,95.513,4,184,FALSE,track,The Beatles,0,56,day,122893,winner
0.705,0.515,4,-9.343,1,0.0337,0.365,0,0.389,0.803,112.035,4,184,FALSE,track,The Beatles,0,62,day,164106,winner
0.311,0.325,2,-9.042,1,0.0283,0.0469,0,0.139,0.668,65.09,1,184,FALSE,track,The Beatles,0,63,day,208466,winner
0.632,0.471,0,-7.887,1,0.0348,0.313,5.08E-06,0.0712,0.764,121.672,4,184,FALSE,track,The Beatles,0,51,day,168120,winner
0.469,0.507,0,-8.917,0,0.0451,0.382,0,0.0783,0.619,112.984,4,184,FALSE,track,The Beatles,0,50,day,156826,winner
0.381,0.214,4,-11.629,1,0.0337,0.944,0,0.106,0.393,127.581,3,184,FALSE,track,The Beatles,0,54,day,215160,winner
0.526,0.413,0,-9.865,1,0.0446,0.338,0,0.0992,0.71,111.874,4,184,FALSE,track,The Beatles,0,50,day,157533,winner
0.352,0.479,6,-9.965,1,0.0338,0.339,0.000353,0.486,0.354,126.166,4,184,FALSE,track,The Beatles,0,48,day,304666,winner
0.704,0.241,1,-13.258,1,0.0476,0.625,2.80E-05,0.0868,0.661,140.411,4,184,FALSE,track,The Beatles,0,60,day,157666,winner
0.61,0.471,8,-9.151,0,0.0261,0.0634,0,0.118,0.63,87.379,4,184,FALSE,track,The Beatles,0,49,day,162093,winner
0.542,0.618,2,-8.876,1,0.139,0.0858,0,0.772,0.93,121.849,3,184,FALSE,track,The Beatles,0,46,day,161226,winner
0.653,0.889,0,-8.006,1,0.0453,0.0061,0.589,0.892,0.879,118.773,4,184,FALSE,track,The Beatles,0,48,day,79066,winner
0.364,0.457,4,-14.162,0,0.0675,0.29,0.000106,0.922,0.175,163.219,4,184,FALSE,track,The Beatles,0,60,day,337413,winner
0.798,0.625,11,-9.689,1,0.0548,0.00547,7.98E-05,0.103,0.858,93.764,4,185,FALSE,track,Ace of Base,0,77,day,211213,nominee
0.745,0.771,4,-8.231,0,0.0755,0.00104,0.387,0.0574,0.752,95.623,4,185,FALSE,track,Ace of Base,0,57,day,230186,nominee
0.68,0.904,2,-7.334,0,0.0311,0.00101,0.814,0.0774,0.964,120.075,4,185,FALSE,track,Ace of Base,0,32,day,236840,nominee
0.808,0.786,4,-6.897,0,0.0447,0.00928,0.0701,0.0574,0.899,96.987,4,185,FALSE,track,Ace of Base,0,71,day,191240,nominee
0.669,0.931,11,-7.161,0,0.0488,0.000573,0.56,0.106,0.829,102.079,4,185,FALSE,track,Ace of Base,0,45,day,223226,nominee
0.65,0.821,11,-8.997,1,0.0301,0.000449,0.587,0.119,0.96,119.073,4,185,FALSE,track,Ace of Base,0,36,day,221000,nominee
0.785,0.79,10,-6.836,0,0.0555,0.0366,0.0223,0.0845,0.815,91.753,4,185,FALSE,track,Ace of Base,0,50,day,234106,nominee
0.667,0.936,4,-6.689,1,0.0314,0.0172,0.451,0.0726,0.834,126.111,4,185,FALSE,track,Ace of Base,0,30,day,231560,nominee
0.67,0.867,1,-5.136,1,0.0368,0.00123,0.00472,0.0796,0.67,96.049,4,0,FALSE,track,Ace of Base,0,0,day,255413,nominee
0.707,0.976,4,-4.784,0,0.0568,0.0017,0.00122,0.0315,0.923,129.028,4,185,FALSE,track,Ace of Base,0,33,day,200173,nominee
0.6,0.935,5,-8.285,0,0.0327,0.00246,0.61,0.106,0.414,122.044,4,185,FALSE,track,Ace of Base,0,29,day,251146,nominee
0.742,0.706,8,-9.298,0,0.0513,0.000429,0.73,0.22,0.591,93.748,4,185,FALSE,track,Ace of Base,0,26,day,257120,nominee
0.776,0.881,1,-8.393,1,0.0809,0.0603,0.000215,0.0554,0.799,89.919,4,185,FALSE,track,Ace of Base,0,24,day,201691,nominee
0.752,0.114,1,-20.251,1,0.0309,0.771,0.000258,0.114,0.294,108.054,4,184,FALSE,track,Joni Mitchell,0,33,day,156933,winner
0.661,0.569,5,-9.208,1,0.0252,0.191,0.00428,0.107,0.392,113.994,4,184,FALSE,track,Joni Mitchell,0,22,day,237493,winner
0.738,0.299,6,-14.05,1,0.0281,0.632,0.00525,0.147,0.683,105.98,4,184,FALSE,track,Joni Mitchell,0,23,day,249226,winner
0.797,0.379,1,-17.23,0,0.0497,0.75,0.213,0.11,0.474,136.401,3,184,FALSE,track,Joni Mitchell,0,21,day,214200,winner
0.809,0.174,3,-14.756,1,0.0336,0.743,0.0284,0.11,0.206,114.097,4,184,FALSE,track,Joni Mitchell,0,19,day,194533,winner
0.669,0.224,6,-13.861,0,0.034,0.847,0.0102,0.099,0.145,120.129,4,184,FALSE,track,Joni Mitchell,0,24,day,244533,winner
0.615,0.153,4,-18.705,1,0.0314,0.891,0.00976,0.0954,0.112,105.838,4,184,FALSE,track,Joni Mitchell,0,19,day,258173,winner
0.724,0.177,11,-15.882,1,0.0323,0.669,8.34E-05,0.11,0.355,115.073,4,184,FALSE,track,Joni Mitchell,0,19,day,287866,winner
0.668,0.179,9,-16.442,0,0.0314,0.895,0.012,0.111,0.324,115.991,4,184,FALSE,track,Joni Mitchell,0,18,day,316560,winner
0.719,0.283,2,-13.745,1,0.0306,0.614,7.82E-05,0.195,0.431,115.104,4,184,FALSE,track,Joni Mitchell,0,23,day,427200,winner
0.732,0.623,7,-9.004,1,0.0334,0.106,0,0.0704,0.736,94.994,4,184,FALSE,track,Madonna,0,37,day,211373,nominee
0.813,0.655,1,-7.884,1,0.0262,0.101,6.65E-05,0.146,0.46,99.982,4,184,FALSE,track,Madonna,0,51,day,304933,nominee
0.79,0.756,11,-6.908,1,0.0938,0.221,9.87E-05,0.114,0.724,91.913,4,184,FALSE,track,Madonna,0,34,day,279733,nominee
0.733,0.789,4,-7.95,0,0.0584,0.00227,0.000622,0.0618,0.622,94.858,4,184,FALSE,track,Madonna,1,33,day,278133,nominee
0.706,0.514,1,-11.437,1,0.0345,0.128,0.0247,0.0678,0.401,95.4,4,184,FALSE,track,Madonna,0,36,day,251933,nominee
0.691,0.571,10,-7.737,0,0.0347,0.0313,0.206,0.118,0.641,92.528,4,184,FALSE,track,Madonna,0,45,day,293933,nominee
0.599,0.506,8,-9.83,0,0.0343,0.254,6.15E-05,0.215,0.504,74.996,4,184,FALSE,track,Madonna,0,35,day,249253,nominee
0.694,0.486,6,-8.469,0,0.0247,0.226,0.0161,0.241,0.341,92.09,4,184,FALSE,track,Madonna,0,35,day,321426,nominee
0.592,0.526,7,-12.471,1,0.0741,0.153,0.0205,0.0995,0.416,170.321,4,184,FALSE,track,Madonna,1,35,day,303133,nominee
0.712,0.612,0,-12.74,1,0.0441,0.831,0.441,0.118,0.526,112.028,4,184,FALSE,track,Madonna,0,41,day,292906,nominee
0.568,0.366,8,-8.854,1,0.0258,0.417,3.39E-06,0.0664,0.311,79.98,4,184,FALSE,track,Madonna,0,54,day,321360,nominee
0.384,0.438,0,-9.149,1,0.0362,0.753,0,0.101,0.287,87.903,4,185,FALSE,track,Céline Dion,0,71,day,456866,winner
0.615,0.467,1,-9.883,1,0.0327,0.314,0,0.099,0.177,119.919,4,185,FALSE,track,Céline Dion,0,74,day,273666,winner
0.371,0.505,2,-9.052,0,0.0314,0.382,0,0.115,0.564,193.246,4,185,FALSE,track,Céline Dion,0,52,day,258239,winner
0.572,0.768,5,-6.378,0,0.057,0.0387,0,0.298,0.61,175.827,4,185,FALSE,track,Céline Dion,0,39,day,271226,winner
0.278,0.369,7,-10.364,0,0.0389,0.67,0.00072,0.0865,0.183,176.663,3,185,FALSE,track,Céline Dion,0,41,day,226306,winner
0.344,0.325,11,-10.005,0,0.0287,0.35,0.0223,0.0686,0.0775,118.515,4,185,FALSE,track,Céline Dion,0,67,day,312306,winner
0.718,0.895,0,-6.718,1,0.0324,0.0483,0,0.0855,0.856,117.049,4,185,FALSE,track,Céline Dion,0,35,day,260532,winner
0.599,0.459,1,-8.786,0,0.0297,0.184,0,0.351,0.152,104.721,3,185,FALSE,track,Céline Dion,0,45,day,220893,winner
0.528,0.482,9,-8.872,1,0.03,0.254,0,0.285,0.264,166.073,4,185,FALSE,track,Céline Dion,0,44,day,307733,winner
0.438,0.496,1,-7.905,0,0.0262,0.436,0,0.225,0.257,176.984,3,185,FALSE,track,Céline Dion,0,64,day,330200,winner
0.661,0.495,2,-9.159,1,0.0457,0.145,3.89E-06,0.0639,0.434,89.944,4,185,FALSE,track,Céline Dion,0,54,day,252493,winner
0.366,0.483,4,-8.411,0,0.0367,0.303,2.83E-05,0.079,0.0372,180.064,3,185,FALSE,track,Céline Dion,0,39,day,278906,winner
0.476,0.886,0,-5.86,0,0.0668,0.114,0,0.81,0.653,166.964,4,185,FALSE,track,Céline Dion,0,51,day,250560,winner
0.587,0.659,0,-9.221,1,0.0355,0.0873,0,0.354,0.225,147.964,4,185,FALSE,track,Céline Dion,0,33,day,312493,winner
0.569,0.372,10,-10.429,1,0.0307,0.625,0.00043,0.0839,0.188,126.125,4,185,FALSE,track,Céline Dion,0,46,day,368266,winner
0.233,0.131,4,-17.202,1,0.0381,0.918,2.61E-05,0.0687,0.0676,86.493,1,185,FALSE,track,Céline Dion,0,40,day,178200,winner
0.478,0.335,9,-11.701,0,0.0322,0.57,3.30E-06,0.125,0.374,128.273,4,184,FALSE,track,Tracy Chapman,0,33,day,323666,nominee
0.634,0.455,4,-11.18,0,0.038,0.243,0.0449,0.0848,0.762,125.19,4,184,FALSE,track,Tracy Chapman,0,39,day,333173,nominee
0.508,0.489,9,-11.604,1,0.027,0.429,9.82E-05,0.0925,0.592,143.062,4,184,FALSE,track,Tracy Chapman,0,43,day,399200,nominee
0.463,0.253,7,-14.675,1,0.0294,0.69,0.000159,0.204,0.144,99.585,4,184,FALSE,track,Tracy Chapman,0,33,day,340560,nominee
0.496,0.284,9,-13.795,1,0.0378,0.726,0.00018,0.123,0.187,80.629,4,184,FALSE,track,Tracy Chapman,0,42,day,308666,nominee
0.496,0.0975,1,-17.234,1,0.0318,0.703,0.000714,0.0951,0.36,141.397,4,184,FALSE,track,Tracy Chapman,0,58,day,327866,nominee
0.622,0.279,9,-13.058,0,0.0319,0.91,0.00105,0.147,0.137,112.388,4,184,FALSE,track,Tracy Chapman,0,30,day,427800,nominee
0.466,0.601,4,-10.365,0,0.0369,0.436,0.139,0.0858,0.736,179.083,4,184,FALSE,track,Tracy Chapman,0,31,day,364893,nominee
0.608,0.419,11,-10.016,1,0.0331,0.602,7.58E-06,0.108,0.602,100.22,4,184,FALSE,track,Tracy Chapman,0,71,day,268333,nominee
0.599,0.131,5,-15.064,0,0.0414,0.92,1.65E-05,0.122,0.404,145.402,4,184,FALSE,track,Tracy Chapman,0,32,day,345373,nominee
0.417,0.239,0,-12.447,1,0.0311,0.766,0.000491,0.104,0.386,178.515,4,184,FALSE,track,Tracy Chapman,0,38,day,295960,nominee
0.762,0.346,4,-12.959,0,0.0344,0.629,0.000126,0.0971,0.297,119.968,4,185,FALSE,track,James Taylor,0,28,day,282506,winner
0.595,0.212,2,-14.5,0,0.0325,0.81,0.000207,0.116,0.174,110.945,4,185,FALSE,track,James Taylor,0,23,day,326933,winner
0.72,0.461,9,-9.521,0,0.0436,0.208,8.08E-05,0.213,0.294,124.891,4,185,FALSE,track,James Taylor,0,27,day,230933,winner
0.52,0.223,4,-15.125,1,0.0307,0.845,0.119,0.0838,0.0788,89.003,4,185,FALSE,track,James Taylor,0,24,day,328866,winner
0.836,0.414,4,-12.831,0,0.0274,0.413,0.0233,0.09,0.713,100.022,4,185,FALSE,track,James Taylor,0,19,day,342400,winner
0.696,0.478,5,-13.305,1,0.0598,0.37,0.00105,0.175,0.543,95.018,4,185,FALSE,track,James Taylor,0,21,day,208306,winner
0.334,0.188,1,-15.088,0,0.0529,0.771,8.57E-05,0.113,0.28,182.58,4,185,FALSE,track,James Taylor,0,24,day,141373,winner
0.709,0.372,5,-13.71,1,0.029,0.413,0.0853,0.131,0.401,141.98,4,185,FALSE,track,James Taylor,0,17,day,226933,winner
0.342,0.307,9,-11.362,1,0.0307,0.501,0.00346,0.191,0.151,91.301,3,185,FALSE,track,James Taylor,0,17,day,314773,winner
0.67,0.58,2,-10.551,1,0.0307,0.524,0.00754,0.177,0.673,137.897,4,185,FALSE,track,James Taylor,0,17,day,293600,winner
0.701,0.373,4,-11.51,1,0.0285,0.571,2.86E-06,0.0989,0.344,104.048,4,185,FALSE,track,James Taylor,0,19,day,236600,winner
0.499,0.234,11,-14.486,1,0.0423,0.824,0.00116,0.105,0.335,97.58,4,185,FALSE,track,James Taylor,0,20,day,147533,winner
0.33,0.393,2,-13.055,1,0.0405,0.0576,0.00394,0.152,0.24,178.913,5,185,FALSE,track,James Taylor,0,13,day,141333,winner
0.44,0.784,7,-7.688,1,0.0624,0.00149,0.000266,0.998,0.424,79.015,4,184,FALSE,track,Fleetwood Mac,0,40,day,310960,nominee
0.593,0.749,0,-7.828,1,0.0551,0.249,0.000477,0.431,0.646,120.987,4,184,FALSE,track,Fleetwood Mac,0,38,day,279066,nominee
0.53,0.809,4,-7.334,1,0.0365,0.0988,4.95E-05,0.826,0.582,119.483,4,184,FALSE,track,Fleetwood Mac,0,38,day,208733,nominee
0.528,0.635,9,-9.716,0,0.0457,0.219,0.00032,0.815,0.325,125.951,4,184,FALSE,track,Fleetwood Mac,0,38,day,408373,nominee
0.452,0.752,5,-6.449,0,0.0617,0.000131,0.864,0.691,0.507,113.149,4,184,FALSE,track,Fleetwood Mac,0,36,day,465333,nominee
0.455,0.886,2,-7.663,1,0.138,0.0684,9.67E-06,0.282,0.792,80.767,4,184,FALSE,track,Fleetwood Mac,0,34,day,240706,nominee
0.393,0.852,8,-7.782,1,0.0321,0.0453,0.378,0.691,0.8,84.539,4,184,FALSE,track,Fleetwood Mac,0,36,day,207000,nominee
0.469,0.621,1,-9.828,0,0.0313,0.876,0.0246,0.712,0.683,138.931,4,184,FALSE,track,Fleetwood Mac,0,41,day,186160,nominee
0.399,0.426,10,-10.262,1,0.0446,0.834,0.000241,0.686,0.433,145.179,4,184,FALSE,track,Fleetwood Mac,0,44,day,268200,nominee
0.589,0.816,9,-8.442,1,0.142,0.156,4.94E-06,0.643,0.739,140.787,4,184,FALSE,track,Fleetwood Mac,0,33,day,299866,nominee
0.325,0.911,5,-7.152,1,0.123,0.00676,0.00938,0.167,0.84,168.282,4,184,FALSE,track,Fleetwood Mac,0,32,day,213066,nominee
0.35,0.508,0,-7.584,1,0.025,0.269,2.37E-06,0.671,0.286,81.719,4,184,FALSE,track,Fleetwood Mac,0,63,day,341733,nominee
0.571,0.801,7,-7.227,0,0.0342,0.0399,0.0183,0.695,0.802,128.941,4,184,FALSE,track,Fleetwood Mac,0,35,day,229840,nominee
0.513,0.67,9,-6.944,1,0.0286,0.167,9.71E-06,0.961,0.586,94.382,4,184,FALSE,track,Fleetwood Mac,0,33,day,198986,nominee
0.5,0.891,5,-6.113,1,0.0437,0.000378,0.0375,0.72,0.887,131.546,4,184,FALSE,track,Fleetwood Mac,0,37,day,300466,nominee
0.621,0.791,7,-7.686,1,0.0491,0.0287,0.692,0.676,0.59,103.293,4,184,FALSE,track,Fleetwood Mac,0,37,day,262426,nominee
0.418,0.966,9,-5.075,1,0.115,0.00443,0.11,0.751,0.601,123.03,4,184,FALSE,track,Fleetwood Mac,0,34,day,331466,nominee
0.505,0.518,2,-8.601,1,0.023,0.403,0,0.129,0.472,81.019,4,165,FALSE,track,Sarah McLachlan,0,51,day,247306,nominee
0.365,0.389,10,-13.191,0,0.0334,0.119,0.214,0.0974,0.189,111.793,4,184,FALSE,track,Sarah McLachlan,0,36,day,284173,nominee
0.627,0.467,9,-9.81,1,0.0321,0.00286,0,0.11,0.61,113.01,4,184,FALSE,track,Sarah McLachlan,0,42,day,240613,nominee
0.526,0.37,3,-10.535,1,0.025,0.722,0,0.157,0.251,76.002,4,184,FALSE,track,Sarah McLachlan,0,49,day,244666,nominee
0.465,0.147,2,-15.472,1,0.0298,0.882,3.09E-05,0.134,0.197,88.931,4,184,FALSE,track,Sarah McLachlan,0,37,day,226813,nominee
0.535,0.311,6,-11.931,0,0.0282,0.701,0.000393,0.0759,0.0647,134.812,3,184,FALSE,track,Sarah McLachlan,0,31,day,287773,nominee
0.532,0.0744,1,-16.092,1,0.0355,0.949,1.22E-05,0.106,0.125,117.131,3,184,FALSE,track,Sarah McLachlan,0,63,day,270400,nominee
0.676,0.575,10,-11.198,1,0.0349,0.123,0.0917,0.0832,0.631,96.023,4,184,FALSE,track,Sarah McLachlan,0,30,day,302466,nominee
0.152,0.192,9,-12.719,1,0.0336,0.894,0.00632,0.127,0.166,175.725,3,184,FALSE,track,Sarah McLachlan,0,37,day,221120,nominee
0.366,0.02,0,-25.232,1,0.0318,0.987,0.93,0.0925,0.103,69.153,3,184,FALSE,track,Sarah McLachlan,0,27,day,150453,nominee
0.519,0.311,4,-12.156,1,0.0403,0.711,0.17,0.108,0.135,139.91,4,184,FALSE,track,Madonna,0,46,day,308880,winner
0.618,0.477,8,-12.823,0,0.0347,0.585,0.0239,0.168,0.195,100.488,4,184,FALSE,track,Madonna,0,41,day,300600,winner
0.57,0.907,3,-7.822,1,0.0302,0.00111,0.618,0.0642,0.7,127.183,4,184,FALSE,track,Madonna,0,57,day,322000,winner
0.609,0.651,1,-11.054,0,0.0451,0.0297,0.413,0.0994,0.37,97.12,4,184,FALSE,track,Madonna,0,40,day,276640,winner
0.572,0.806,8,-12.316,1,0.0645,0.339,0.832,0.0681,0.388,142.951,4,184,FALSE,track,Madonna,0,41,day,381333,winner
0.708,0.708,0,-6.933,1,0.0383,0.0518,0.0117,0.0781,0.253,116.892,4,184,FALSE,track,Madonna,0,51,day,267345,winner
0.526,0.57,10,-10.504,1,0.0379,0.0723,0.707,0.106,0.212,139.952,4,184,FALSE,track,Madonna,0,41,day,287733,winner
0.638,0.77,11,-9.501,1,0.0403,0.0583,0.0835,0.117,0.421,139.849,4,184,FALSE,track,Madonna,0,39,day,268666,winner
0.601,0.617,1,-10.917,1,0.0354,0.661,0.0148,0.149,0.31,108.013,4,184,FALSE,track,Madonna,0,60,day,367333,winner
0.468,0.544,5,-11.574,0,0.0455,0.0391,0.741,0.175,0.22,84.987,4,184,FALSE,track,Madonna,0,58,day,251160,winner
0.554,0.543,10,-12.417,0,0.0356,0.721,0.306,0.0659,0.656,88.035,4,184,FALSE,track,Madonna,0,40,day,322746,winner
0.445,0.602,1,-10.49,0,0.041,0.486,0.00866,0.133,0.35,144.923,4,184,FALSE,track,Madonna,0,37,day,318466,winner
0.329,0.175,4,-17.667,1,0.0476,0.929,0.000545,0.106,0.16,98.38,3,184,FALSE,track,Madonna,0,34,day,331760,winner
0.807,0.552,4,-6.568,1,0.0333,0.00886,0.000218,0.238,0.783,93.006,4,185,FALSE,track,Eric Clapton,0,55,day,323440,nominee
0.685,0.323,0,-8.695,1,0.0255,0.463,0.173,0.273,0.153,107.68,3,185,FALSE,track,Eric Clapton,0,40,day,442133,nominee
0.555,0.678,0,-9.304,1,0.0486,0.0737,0.0724,0.0986,0.688,174.181,4,185,FALSE,track,Eric Clapton,0,30,day,350133,nominee
0.552,0.698,1,-6.426,0,0.128,0.183,0.0301,0.106,0.584,78.853,4,185,FALSE,track,Eric Clapton,0,25,day,471813,nominee
0.788,0.539,10,-7.164,0,0.192,0.00291,0.000784,0.0452,0.748,90.008,4,185,FALSE,track,Eric Clapton,0,25,day,355680,nominee
0.657,0.645,1,-10.956,0,0.0283,0.284,0.716,0.275,0.829,98.982,4,185,FALSE,track,Eric Clapton,0,28,day,251533,nominee
0.731,0.415,4,-10.512,0,0.0954,0.0914,0.183,0.268,0.417,93.014,4,185,FALSE,track,Eric Clapton,0,23,day,319666,nominee
0.634,0.702,0,-9.65,1,0.0303,0.078,0.00417,0.095,0.397,127.982,4,185,FALSE,track,Eric Clapton,0,21,day,230200,nominee
0.542,0.785,4,-7.066,1,0.0285,0.000483,0.121,0.0821,0.395,174.246,4,185,FALSE,track,Eric Clapton,0,27,day,281800,nominee
0.584,0.854,9,-5.641,1,0.0383,0.00185,0.00161,0.225,0.782,139.073,3,185,FALSE,track,Eric Clapton,0,19,day,343546,nominee
0.75,0.524,9,-9.233,1,0.0312,0.713,0.0235,0.114,0.433,95.016,4,185,FALSE,track,Eric Clapton,0,21,day,225680,nominee
0.647,0.84,2,-7.559,1,0.0433,0.00055,0.0135,0.157,0.809,100.01,4,185,FALSE,track,Eric Clapton,0,22,day,285306,nominee
0.595,0.493,7,-7.202,1,0.0252,0.0118,0.0025,0.119,0.13,100.132,4,185,FALSE,track,Eric Clapton,0,23,day,331413,nominee
0.598,0.71,0,-9.182,1,0.0648,0.283,0.0876,0.0488,0.812,173.958,4,185,FALSE,track,Eric Clapton,0,19,day,325520,nominee
0.605,0.437,1,-10.473,1,0.0373,0.37,0.055,0.11,0.33,81.967,4,3,FALSE,track,Sting,0,36,day,358066,winner
0.581,0.654,0,-7.9,0,0.0316,0.0145,0,0.114,0.131,111.999,4,3,FALSE,track,Sting,1,52,day,285893,winner
0.687,0.52,11,-12.275,0,0.0452,0.0609,0.0182,0.114,0.366,160.084,4,3,FALSE,track,Sting,0,23,day,305106,winner
0.642,0.787,10,-8.224,0,0.0345,0.0633,2.32E-06,0.108,0.547,109.484,4,3,FALSE,track,Sting,0,25,day,303020,winner
0.763,0.56,1,-8.343,1,0.0853,0.0823,0,0.112,0.477,88.968,4,3,FALSE,track,Sting,0,21,day,324226,winner
0.626,0.496,7,-11.964,0,0.0385,0.114,3.19E-05,0.111,0.507,97.042,4,3,FALSE,track,Sting,0,20,day,289373,winner
0.355,0.108,2,-30.056,1,0.0438,0.722,0.0764,0.106,0.0388,159.06,3,3,FALSE,track,Sting,0,1,day,20960,winner
0.429,0.66,2,-9.821,1,0.0425,0.0497,5.04E-06,0.115,0.552,101.635,3,3,FALSE,track,Sting,0,21,day,338573,winner
0.66,0.351,4,-11.816,1,0.0281,0.585,4.50E-06,0.104,0.47,120.091,4,3,FALSE,track,Sting,0,26,day,329600,winner
0.496,0.803,4,-7.424,1,0.0789,0.19,9.68E-06,0.0767,0.391,157.456,3,3,FALSE,track,Sting,0,43,day,379826,winner
0.22,0.675,2,-7.352,1,0.0298,0.216,5.10E-06,0.634,0.242,170.428,4,184,FALSE,track,Sarah McLachlan,0,24,day,246666,nominee
0.254,0.454,9,-9,1,0.0297,0.288,0.000564,0.856,0.067,141.215,4,184,FALSE,track,Sarah McLachlan,0,25,day,318506,nominee
0.337,0.585,9,-9.532,1,0.0321,0.103,0.000708,0.956,0.247,94.535,4,184,FALSE,track,Sarah McLachlan,0,23,day,310933,nominee
0.362,0.404,9,-11.111,1,0.0285,0.637,6.64E-05,0.864,0.365,73.437,4,184,FALSE,track,Sarah McLachlan,0,25,day,222840,nominee
0.459,0.532,3,-8.484,1,0.0265,0.473,2.30E-06,0.747,0.335,80.932,4,184,FALSE,track,Sarah McLachlan,0,21,day,238066,nominee
0.519,0.447,8,-12.227,1,0.0308,0.189,0.00581,0.745,0.178,112.127,4,184,FALSE,track,Sarah McLachlan,0,22,day,269653,nominee
0.414,0.231,2,-14.047,1,0.0334,0.935,6.83E-06,0.942,0.223,92.22,4,184,FALSE,track,Sarah McLachlan,0,24,day,249986,nominee
0.504,0.515,11,-10.717,1,0.0255,0.21,3.22E-05,0.845,0.209,91.672,4,184,FALSE,track,Sarah McLachlan,0,23,day,363426,nominee
0.391,0.444,9,-10.078,1,0.0291,0.134,0.000188,0.954,0.144,94.007,4,184,FALSE,track,Sarah McLachlan,0,21,day,301160,nominee
0.545,0.818,6,-8.298,0,0.0508,0.0077,0.00071,0.963,0.491,100.085,4,184,FALSE,track,Sarah McLachlan,0,23,day,313653,nominee
0.551,0.779,9,-7.79,1,0.0447,0.00368,0.000186,0.685,0.522,113.118,4,184,FALSE,track,Sarah McLachlan,0,22,day,238720,nominee
0.379,0.675,8,-9.676,0,0.0358,0.024,0.000678,0.897,0.399,142.636,3,184,FALSE,track,Sarah McLachlan,0,23,day,182146,nominee
0.355,0.764,10,-8.323,0,0.0469,0.00598,0.000974,0.403,0.535,169.358,4,184,FALSE,track,Sarah McLachlan,0,21,day,347680,nominee
0.284,0.141,2,-15.506,1,0.0345,0.966,1.88E-05,0.729,0.225,142.544,4,184,FALSE,track,Sarah McLachlan,0,19,day,349146,nominee
0.858,0.546,9,-8.08,1,0.0537,0.331,0.0278,0.0543,0.824,102.998,4,184,FALSE,track,Steely Dan,0,33,day,353800,winner
0.883,0.4,9,-9.648,0,0.0441,0.295,4.56E-06,0.114,0.669,112.998,4,184,FALSE,track,Steely Dan,0,35,day,317400,winner
0.699,0.784,1,-7.955,1,0.0598,0.119,0.00239,0.0752,0.809,179.99,3,184,FALSE,track,Steely Dan,0,28,day,377866,winner
0.916,0.365,10,-8.676,0,0.0476,0.077,0.0231,0.092,0.749,105.986,4,184,FALSE,track,Steely Dan,0,29,day,249106,winner
0.808,0.456,7,-11.07,0,0.0282,0.664,0.00585,0.109,0.383,111.034,4,184,FALSE,track,Steely Dan,0,29,day,249933,winner
0.899,0.388,6,-9.037,0,0.0461,0.345,0.0259,0.0665,0.69,91.506,4,184,FALSE,track,Steely Dan,0,40,day,377600,winner
0.832,0.554,10,-8.918,1,0.0441,0.17,0.0495,0.0796,0.859,139.978,4,184,FALSE,track,Steely Dan,0,36,day,328293,winner
0.635,0.39,10,-12.198,0,0.0306,0.61,0.00735,0.269,0.419,101.16,4,184,FALSE,track,Steely Dan,0,25,day,334800,winner
0.74,0.536,11,-9.052,0,0.0496,0.619,0.0402,0.2,0.757,149.532,4,184,FALSE,track,Steely Dan,0,25,day,501600,winner
0.779,0.794,9,-4.739,0,0.0822,0.049,0,0.0637,0.722,109.149,4,184,FALSE,track,Don Henley,0,15,day,290800,nominee
0.569,0.497,4,-6.632,0,0.0269,0.344,2.34E-05,0.134,0.0877,72.346,4,184,FALSE,track,Don Henley,0,40,day,331666,nominee
0.402,0.177,4,-13.08,1,0.0358,0.862,0,0.0903,0.239,154.247,4,184,FALSE,track,Don Henley,0,26,day,217186,nominee
0.642,0.48,2,-6.468,1,0.0257,0.0765,2.22E-05,0.186,0.304,146.035,4,184,FALSE,track,Don Henley,0,27,day,313253,nominee
0.598,0.797,1,-4.374,0,0.0431,0.232,0,0.0661,0.788,86.004,4,184,FALSE,track,Don Henley,0,16,day,337546,nominee
0.571,0.25,7,-10.2,0,0.0298,0.649,3.24E-05,0.0497,0.237,113.694,4,184,FALSE,track,Don Henley,0,25,day,349573,nominee
0.441,0.76,4,-4.689,0,0.0307,0.207,1.37E-05,0.381,0.0681,79.946,4,184,TRUE,track,Don Henley,0,14,day,290026,nominee
0.469,0.748,5,-4.534,1,0.0357,0.298,0,0.0603,0.18,155.516,4,184,FALSE,track,Don Henley,0,15,day,359933,nominee
0.599,0.398,7,-8.747,1,0.0246,0.705,0.000101,0.134,0.128,129.282,4,184,FALSE,track,Don Henley,0,13,day,433493,nominee
0.749,0.718,0,-5.643,1,0.0473,0.0525,0,0.164,0.614,105.229,4,184,FALSE,track,Don Henley,0,16,day,402226,nominee
0.593,0.935,2,-4.429,1,0.0967,0.107,0.000105,0.268,0.377,105.658,4,184,FALSE,track,Don Henley,0,11,day,345433,nominee
0.429,0.111,6,-11.545,1,0.0337,0.925,0,0.106,0.262,75.337,4,184,FALSE,track,Don Henley,0,19,day,221644,nominee
0.602,0.685,10,-4.422,1,0.0252,0.154,0,0.169,0.431,93.27,4,184,FALSE,track,Don Henley,0,22,day,309916,nominee
0.653,0.429,11,-10.473,1,0.0297,0.0849,0.00371,0.0693,0.627,146.073,4,185,FALSE,track,Sade,0,69,day,274933,winner
0.786,0.362,7,-11.289,1,0.1,0.0732,0.393,0.0879,0.565,83.991,4,185,FALSE,track,Sade,0,55,day,274266,winner
0.722,0.426,8,-9.952,1,0.0378,0.366,0.022,0.0743,0.38,82.489,4,185,FALSE,track,Sade,0,54,day,293000,winner
0.772,0.28,5,-9.527,0,0.0856,0.0225,0.476,0.318,0.522,168.023,4,185,FALSE,track,Sade,0,51,day,301266,winner
0.804,0.52,4,-8.382,1,0.035,0.224,0.00518,0.0944,0.688,81.032,4,185,FALSE,track,Sade,0,53,day,160626,winner
0.848,0.391,9,-9.557,0,0.0489,0.0753,0.000533,0.0729,0.687,118.005,4,185,FALSE,track,Sade,0,42,day,252466,winner
0.686,0.0939,0,-18.367,1,0.041,0.92,0.000496,0.106,0.307,120.646,3,185,FALSE,track,Sade,0,42,day,138626,winner
0.78,0.497,9,-8.725,0,0.0414,0.0745,0.000395,0.107,0.403,88.028,4,185,FALSE,track,Sade,0,42,day,244706,winner
0.746,0.364,2,-9.891,1,0.072,0.0306,0.00194,0.12,0.619,170.017,4,185,FALSE,track,Sade,0,44,day,228026,winner
0.744,0.447,2,-11.735,1,0.0437,0.0194,0.00103,0.0771,0.78,145.855,4,185,FALSE,track,Sade,0,58,day,253106,winner
0.373,0.0185,6,-22.553,1,0.0383,0.97,0.000186,0.11,0.148,71.675,3,185,FALSE,track,Sade,0,43,day,233533,winner
0.698,0.878,7,-3.686,1,0.0378,0.17,8.07E-05,0.143,0.462,88.453,4,3,FALSE,track,Nelly Furtado,0,17,day,250226,nominee
0.697,0.735,7,-2.518,0,0.0979,0.093,9.16E-06,0.639,0.799,155.218,4,3,TRUE,track,Nelly Furtado,0,22,day,234306,nominee
0.757,0.799,5,-5.822,0,0.114,0.178,0.000165,0.0699,0.899,162.223,4,3,FALSE,track,Nelly Furtado,0,15,day,226400,nominee
0.765,0.738,8,-6.043,0,0.2,0.372,0,0.146,0.541,158.193,4,3,FALSE,track,Nelly Furtado,0,14,day,214733,nominee
0.622,0.609,10,-5.084,1,0.0359,0.138,5.28E-06,0.273,0.608,89.66,4,3,FALSE,track,Nelly Furtado,0,53,day,243160,nominee
0.587,0.679,2,-6.26,1,0.0929,0.0839,0.000323,0.413,0.65,180.184,4,3,FALSE,track,Nelly Furtado,0,37,day,276106,nominee
0.808,0.718,4,-4.04,0,0.104,0.00283,0.0339,0.32,0.472,99.196,4,3,FALSE,track,Nelly Furtado,0,14,day,212693,nominee
0.753,0.563,11,-6.396,0,0.125,0.0781,1.45E-06,0.0779,0.414,178.059,4,3,FALSE,track,Nelly Furtado,0,14,day,242800,nominee
0.631,0.692,0,-5.852,1,0.115,0.0171,0.000598,0.121,0.444,160.182,4,3,FALSE,track,Nelly Furtado,0,13,day,179666,nominee
0.737,0.819,2,-7.021,1,0.0663,0.509,0.000171,0.449,0.822,149.104,4,3,FALSE,track,Nelly Furtado,0,12,day,263000,nominee
0.713,0.677,5,-6.387,0,0.0633,0.17,1.03E-05,0.104,0.746,155.449,4,3,TRUE,track,Nelly Furtado,0,14,day,236893,nominee
0.482,0.496,9,-9.824,0,0.0359,0.831,0.00862,0.157,0.172,142.493,4,3,FALSE,track,Nelly Furtado,0,12,day,369040,nominee
0.745,0.219,5,-11.216,1,0.0276,0.851,1.80E-05,0.0678,0.635,88.609,4,183,FALSE,track,Norah Jones,0,37,day,186251,winner
0.592,0.193,7,-13.876,1,0.0334,0.955,0.00508,0.117,0.383,127.381,4,183,FALSE,track,Norah Jones,0,33,day,145413,winner
0.521,0.124,2,-13.027,1,0.0432,0.866,0.00112,0.0801,0.377,170.933,3,183,FALSE,track,Norah Jones,0,33,day,218600,winner
0.691,0.322,5,-9.852,1,0.0313,0.809,4.40E-05,0.104,0.374,109.399,4,183,FALSE,track,Norah Jones,0,33,day,177373,winner
0.436,0.141,0,-13.271,1,0.0308,0.902,2.81E-06,0.126,0.146,76.64,3,183,FALSE,track,Norah Jones,0,35,day,198226,winner
0.593,0.27,0,-12.142,1,0.0274,0.892,0.00198,0.0976,0.479,74.652,4,183,FALSE,track,Norah Jones,0,33,day,236840,winner
0.429,0.18,10,-10.694,1,0.0551,0.864,4.40E-06,0.104,0.485,170.645,3,183,FALSE,track,Norah Jones,0,33,day,154800,winner
0.658,0.158,0,-13.699,1,0.0284,0.903,2.42E-05,0.298,0.322,90.329,4,183,FALSE,track,Norah Jones,0,32,day,186093,winner
0.675,0.266,5,-11.966,0,0.0261,0.784,0.000659,0.132,0.434,98.802,4,183,FALSE,track,Norah Jones,0,31,day,253333,winner
0.546,0.0626,9,-15.877,1,0.0433,0.833,3.39E-06,0.088,0.39,79.763,4,183,FALSE,track,Norah Jones,0,31,day,162040,winner
0.661,0.189,1,-10.23,1,0.0282,0.8,0.000112,0.094,0.378,132.243,4,183,FALSE,track,Norah Jones,0,31,day,185768,winner
0.58,0.351,2,-11.587,1,0.0305,0.81,0.000476,0.0676,0.355,150.456,4,183,FALSE,track,Norah Jones,0,31,day,251828,winner
0.331,0.138,1,-16.629,1,0.0345,0.914,0.00665,0.101,0.164,85.465,3,183,FALSE,track,Norah Jones,0,30,day,165136,winner
0.379,0.0462,0,-14.719,1,0.0445,0.978,0.000931,0.0912,0.147,80.641,3,183,FALSE,track,Norah Jones,0,30,day,187769,winner
0.841,0.63,1,-5.356,1,0.0443,0.0725,0,0.0742,0.876,97.964,4,185,FALSE,track,Justin Timberlake,0,66,day,294866,winner
0.853,0.811,6,-4.927,0,0.0646,0.0439,0.000307,0.0703,0.9,114.964,4,185,FALSE,track,Justin Timberlake,0,61,day,283626,winner
0.811,0.784,10,-6.972,0,0.0789,0.268,0.187,0.156,0.898,92.91,4,185,FALSE,track,Justin Timberlake,0,42,day,271333,winner
0.521,0.581,0,-7.698,1,0.0506,0.172,0.0153,0.225,0.714,74.816,4,185,FALSE,track,Justin Timberlake,0,41,day,374333,winner
0.624,0.654,8,-6.582,0,0.183,0.577,0,0.104,0.564,73.898,4,185,FALSE,track,Justin Timberlake,0,75,day,288333,winner
0.892,0.714,4,-6.055,0,0.141,0.201,0.000234,0.0521,0.817,100.972,4,185,FALSE,track,Justin Timberlake,0,78,day,267266,winner
0.812,0.674,5,-10.857,0,0.0612,0.244,0.0408,0.0936,0.88,117.027,4,185,FALSE,track,Justin Timberlake,0,38,day,298840,winner
0.802,0.645,5,-5.359,1,0.0512,0.259,0,0.0386,0.821,102.001,4,185,FALSE,track,Justin Timberlake,0,43,day,287266,winner
0.588,0.409,0,-7.507,0,0.048,0.453,5.07E-06,0.0726,0.262,130.221,4,185,FALSE,track,Justin Timberlake,0,36,day,275666,winner
0.866,0.695,6,-5.818,0,0.121,0.556,5.67E-05,0.0906,0.879,103.895,4,185,FALSE,track,Justin Timberlake,0,35,day,331160,winner
0.832,0.756,1,-7.948,0,0.0748,0.0798,0.000111,0.0452,0.682,99.882,4,185,FALSE,track,Justin Timberlake,0,33,day,269640,winner
0.711,0.653,6,-6.484,1,0.0429,0.118,1.27E-05,0.0839,0.748,90.018,4,185,FALSE,track,Justin Timberlake,0,36,day,284066,winner
0.427,0.252,1,-11.758,1,0.0315,0.831,0,0.103,0.292,92.551,4,185,FALSE,track,Justin Timberlake,0,34,day,274733,winner
0.576,0.92,2,-4.639,1,0.0756,0.375,0,0.299,0.755,161.385,4,185,FALSE,track,George Harrison,0,34,day,231560,nominee
0.778,0.59,4,-6.701,1,0.0378,0.704,0,0.0865,0.874,113.799,3,185,FALSE,track,George Harrison,0,28,day,158306,nominee
0.59,0.589,0,-8.738,1,0.03,0.577,2.46E-05,0.351,0.472,80.734,4,185,FALSE,track,George Harrison,0,24,day,292560,nominee
0.788,0.682,7,-6.531,1,0.0284,0.217,3.98E-06,0.0854,0.855,113.873,4,185,FALSE,track,George Harrison,0,27,day,229400,nominee
0.549,0.603,7,-6.443,1,0.025,0.456,0.000202,0.225,0.406,78.132,4,185,FALSE,track,George Harrison,0,26,day,327093,nominee
0.443,0.333,2,-8.035,1,0.0268,0.852,0.124,0.113,0.0351,82.8,4,185,FALSE,track,George Harrison,0,30,day,221573,nominee
0.625,0.674,0,-7.048,1,0.0231,0.0974,0.00142,0.332,0.449,97.215,4,185,FALSE,track,George Harrison,0,34,day,244826,nominee
0.617,0.597,0,-7.543,1,0.0239,0.439,0.000505,0.0967,0.561,104.055,4,185,FALSE,track,George Harrison,0,22,day,245866,nominee
0.53,0.543,2,-7.364,1,0.0241,0.637,0.0107,0.0964,0.267,94.625,4,185,FALSE,track,George Harrison,0,23,day,205680,nominee
0.82,0.504,5,-7.473,1,0.0437,0.84,0,0.0776,0.731,121.453,4,185,FALSE,track,George Harrison,0,38,day,154933,nominee
0.722,0.528,2,-8.693,1,0.0266,0.297,0.000605,0.152,0.628,113.783,4,185,FALSE,track,George Harrison,0,21,day,187213,nominee
0.484,0.452,0,-7.159,1,0.0347,0.66,0,0.123,0.288,108.222,4,185,FALSE,track,George Harrison,0,29,day,367800,nominee
0.791,0.614,8,-5.141,1,0.0286,0.0635,1.40E-06,0.044,0.805,109.02,4,4,FALSE,track,Michael McDonald,0,29,day,224506,nominee
0.627,0.618,0,-6.335,0,0.0297,0.565,3.30E-05,0.0788,0.461,75.027,4,4,FALSE,track,Michael McDonald,0,24,day,168893,nominee
0.708,0.876,0,-4.519,0,0.0321,0.00261,0.00619,0.0704,0.772,104.011,4,4,FALSE,track,Michael McDonald,0,22,day,247026,nominee
0.638,0.54,7,-6.406,1,0.0285,0.111,4.91E-05,0.107,0.261,86.022,4,4,FALSE,track,Michael McDonald,0,24,day,236746,nominee
0.693,0.723,8,-5.268,1,0.0318,0.0389,0,0.0414,0.75,89.966,4,4,FALSE,track,Michael McDonald,0,25,day,168466,nominee
0.675,0.676,8,-7.424,1,0.039,0.104,0,0.255,0.549,91.034,4,4,FALSE,track,Michael McDonald,0,17,day,202680,nominee
0.556,0.402,0,-10.121,1,0.135,0.31,1.33E-06,0.106,0.399,76.979,4,4,FALSE,track,Michael McDonald,0,23,day,321720,nominee
0.722,0.78,2,-6.064,1,0.0315,0.0128,0,0.084,0.85,119.969,4,4,FALSE,track,Michael McDonald,0,37,day,169866,nominee
0.581,0.404,6,-8.627,0,0.0259,0.542,1.36E-05,0.272,0.121,133.949,4,4,FALSE,track,Michael McDonald,0,20,day,211306,nominee
0.658,0.67,1,-6.253,0,0.0354,0.122,1.85E-05,0.208,0.516,98.994,4,4,FALSE,track,Michael McDonald,0,20,day,267773,nominee
0.517,0.664,1,-4.8,0,0.0328,0.0738,1.01E-06,0.322,0.338,148.017,3,4,FALSE,track,Michael McDonald,0,17,day,260186,nominee
0.541,0.664,3,-6.509,1,0.0293,0.0787,0,0.119,0.271,125.943,4,4,FALSE,track,Michael McDonald,0,17,day,305946,nominee
0.49,0.258,5,-9.699,1,0.0314,0.698,0.00114,0.11,0.136,137.593,4,4,FALSE,track,Michael McDonald,0,15,day,269640,nominee
0.695,0.645,4,-5.773,0,0.0349,0.537,1.46E-05,0.202,0.432,100.062,4,4,FALSE,track,Michael McDonald,1,16,day,325213,nominee
0.628,0.298,10,-12.571,1,0.0296,0.639,0.000442,0.101,0.391,98.966,3,185,FALSE,track,Ray Charles,1,63,day,238750,winner
0.666,0.469,0,-10.054,1,0.0434,0.453,0,0.0384,0.591,130.488,4,185,FALSE,track,Ray Charles,1,39,day,227655,winner
0.322,0.428,8,-9.102,1,0.0476,0.738,0,0.138,0.245,186.329,3,185,FALSE,track,Ray Charles,1,54,day,235401,winner
0.5,0.395,5,-8.781,0,0.0288,0.717,0.000386,0.11,0.212,120.148,4,185,FALSE,track,Ray Charles,1,53,day,239272,winner
0.671,0.417,11,-10.209,0,0.21,0.402,0,0.12,0.331,133.557,4,185,FALSE,track,Ray Charles,1,55,day,210854,winner
0.563,0.384,2,-9.017,1,0.029,0.56,1.47E-05,0.131,0.332,134.824,4,185,FALSE,track,Ray Charles,1,44,day,274910,winner
0.188,0.177,2,-11.521,1,0.0324,0.849,0.00891,0.17,0.0621,71.064,4,185,FALSE,track,Ray Charles,1,29,day,299682,winner
0.492,0.461,7,-10.031,0,0.0342,0.612,0.000553,0.125,0.484,73.896,4,185,FALSE,track,Ray Charles,1,30,day,315963,winner
0.73,0.533,9,-7.869,1,0.0392,0.679,0.000624,0.104,0.524,101.922,3,185,FALSE,track,Ray Charles,1,40,day,265202,winner
0.42,0.569,10,-8.768,1,0.0994,0.278,0,0.153,0.559,169.342,4,185,FALSE,track,Ray Charles,1,30,day,272508,winner
0.167,0.26,3,-11.561,1,0.031,0.856,0.000183,0.185,0.108,84.367,4,185,FALSE,track,Ray Charles,1,28,day,294590,winner
0.568,0.682,7,-7.227,1,0.171,0.477,0,0.804,0.608,147.706,4,185,FALSE,track,Ray Charles,1,49,day,222762,winner
0.503,0.492,2,-7.607,0,0.0357,0.61,2.40E-05,0.0853,0.352,74.967,4,184,FALSE,track,Sarah McLachlan,0,40,year,227000,nominee
0.519,0.526,5,-8.849,1,0.0277,0.322,0.00012,0.204,0.389,84.007,4,184,FALSE,track,Sarah McLachlan,0,35,year,262266,nominee
0.542,0.486,7,-8.379,0,0.0306,0.129,2.45E-06,0.0821,0.437,155.099,3,184,FALSE,track,Sarah McLachlan,0,31,year,203333,nominee
0.531,0.323,7,-11.2,1,0.0359,0.615,0.00095,0.0854,0.0708,118.088,3,184,FALSE,track,Sarah McLachlan,0,22,year,203173,nominee
0.535,0.587,2,-11.042,1,0.0398,0.00818,0.00173,0.0818,0.561,188.038,4,184,FALSE,track,Sarah McLachlan,0,27,year,276066,nominee
0.541,0.387,3,-9.92,1,0.0324,0.564,2.84E-06,0.117,0.275,137.94,4,184,FALSE,track,Sarah McLachlan,0,22,year,234440,nominee
0.348,0.108,0,-14.447,1,0.034,0.871,0,0.104,0.129,108.762,4,184,FALSE,track,Sarah McLachlan,0,39,year,237800,nominee
0.51,0.52,10,-8.233,1,0.0262,0.231,0,0.106,0.342,131.889,3,184,FALSE,track,Sarah McLachlan,0,28,year,246400,nominee
0.554,0.388,9,-10.304,1,0.0289,0.259,5.75E-06,0.096,0.0627,129.949,4,184,FALSE,track,Sarah McLachlan,0,23,year,281373,nominee
0.246,0.226,0,-11.215,1,0.0402,0.934,2.98E-05,0.0693,0.0715,166.503,4,184,FALSE,track,Sarah McLachlan,0,22,year,234306,nominee
0.419,0.34,5,-9.583,1,0.0317,0.83,7.77E-05,0.903,0.218,77.029,4,184,FALSE,track,Sarah McLachlan,0,18,year,224733,nominee
0.372,0.21,0,-12.59,1,0.04,0.956,0.0122,0.67,0.214,115.556,4,184,FALSE,track,Sarah McLachlan,0,17,year,219666,nominee
0.318,0.167,0,-11.722,1,0.0363,0.933,0,0.089,0.2,80.038,3,184,FALSE,track,Sarah McLachlan,0,15,year,221466,nominee
0.512,0.35,2,-8.814,1,0.026,0.854,0,0.682,0.318,88.59,4,184,FALSE,track,Sarah McLachlan,0,18,year,239626,nominee
0.595,0.607,2,-6.445,1,0.0373,0.204,0,0.0847,0.337,148.15,4,184,FALSE,track,Joss Stone,0,55,day,280960,nominee
0.699,0.618,10,-7.948,0,0.0986,0.297,7.24E-05,0.306,0.708,81.983,4,184,FALSE,track,Joss Stone,0,38,day,240933,nominee
0.68,0.83,11,-4.962,0,0.203,0.133,0,0.279,0.693,102.071,4,184,FALSE,track,Joss Stone,0,43,day,239626,nominee
0.569,0.567,2,-6.729,1,0.0457,0.597,0,0.108,0.292,110.12,3,184,FALSE,track,Joss Stone,0,42,day,243106,nominee
0.532,0.865,2,-5.811,1,0.236,0.145,0,0.69,0.703,90.554,4,184,FALSE,track,Joss Stone,0,36,day,211733,nominee
0.628,0.681,4,-5.688,0,0.135,0.21,0,0.223,0.689,78.854,4,184,FALSE,track,Joss Stone,0,39,day,257706,nominee
0.577,0.771,8,-4.057,0,0.0685,0.26,0,0.177,0.55,135.955,4,184,FALSE,track,Joss Stone,0,28,day,270773,nominee
0.718,0.585,3,-6.209,0,0.149,0.3,0,0.331,0.448,93.337,4,184,FALSE,track,Joss Stone,0,26,day,250333,nominee
0.621,0.682,0,-6.588,0,0.279,0.415,0,0.256,0.558,88.813,4,184,FALSE,track,Joss Stone,0,29,day,215360,nominee
0.557,0.523,5,-7.286,0,0.196,0.598,0,0.343,0.517,163.981,4,184,FALSE,track,Joss Stone,0,28,day,226933,nominee
0.62,0.724,10,-5.472,0,0.137,0.162,0,0.0389,0.904,184.01,4,184,FALSE,track,Joss Stone,0,26,day,241040,nominee
0.675,0.764,10,-4.538,0,0.0671,0.0539,0,0.0864,0.603,95.622,4,184,FALSE,track,Joss Stone,0,25,day,238453,nominee
0.612,0.692,8,-5.544,1,0.279,0.156,0,0.0902,0.544,135.05,4,184,FALSE,track,Joss Stone,0,24,day,311933,nominee
0.667,0.312,2,-9.25,1,0.0402,0.486,2.61E-05,0.0914,0.0958,119.97,3,184,FALSE,track,Joss Stone,0,23,day,927040,nominee
0.446,0.701,9,-4.179,0,0.0295,0.0298,8.89E-06,0.0931,0.394,159.958,3,185,FALSE,track,Kelly Clarkson,0,60,day,237000,winner
0.662,0.741,0,-5.406,1,0.0334,0.00165,0.0303,0.114,0.404,131,4,185,FALSE,track,Kelly Clarkson,0,73,day,188960,winner
0.548,0.889,9,-4.682,1,0.0382,0.00165,0.00109,0.197,0.425,90.048,4,185,FALSE,track,Kelly Clarkson,0,59,day,198973,winner
0.583,0.584,5,-5.362,0,0.0314,0.254,0,0.123,0.136,140.039,4,185,FALSE,track,Kelly Clarkson,0,65,day,219493,winner
0.648,0.917,2,-4.304,0,0.0605,0.000886,6.44E-06,0.0828,0.73,126.012,4,185,FALSE,track,Kelly Clarkson,0,34,day,205906,winner
0.394,0.691,10,-5.124,0,0.0359,0.0195,0,0.394,0.314,200.027,3,185,FALSE,track,Kelly Clarkson,0,35,day,237400,winner
0.48,0.614,5,-4.62,1,0.0301,0.128,0,0.327,0.17,141.816,4,185,FALSE,track,Kelly Clarkson,0,29,day,279093,winner
0.75,0.888,0,-4.524,1,0.0426,0.0147,1.11E-06,0.0759,0.935,115.973,4,185,FALSE,track,Kelly Clarkson,0,45,day,189306,winner
0.62,0.92,1,-4.697,0,0.0408,0.00163,0,0.23,0.572,105.038,4,185,FALSE,track,Kelly Clarkson,0,32,day,220066,winner
0.622,0.764,9,-4.957,0,0.0363,0.0158,0,0.0891,0.642,88.984,4,185,FALSE,track,Kelly Clarkson,0,28,day,200466,winner
0.546,0.841,7,-4.589,0,0.0374,0.00503,4.80E-05,0.0971,0.175,99.325,3,185,FALSE,track,Kelly Clarkson,0,28,day,233666,winner
0.466,0.226,7,-8.913,1,0.0287,0.91,5.89E-06,0.956,0.238,107.07,4,185,FALSE,track,Kelly Clarkson,0,32,day,277493,winner
0.578,0.756,2,-5.82,1,0.115,0.157,0.000232,0.249,0.663,176.739,4,185,FALSE,track,John Mayer,0,74,day,201173,winner
0.842,0.384,9,-11.384,0,0.0353,0.638,0.000487,0.0998,0.604,84.026,4,185,FALSE,track,John Mayer,0,54,day,292013,winner
0.664,0.735,5,-8.024,1,0.0343,0.033,0.0413,0.0801,0.841,101.346,4,185,FALSE,track,John Mayer,0,52,day,242333,winner
0.753,0.326,7,-9.883,1,0.0342,0.731,0.00131,0.24,0.237,123.799,3,185,FALSE,track,John Mayer,0,72,day,245826,winner
0.495,0.238,1,-11.026,1,0.03,0.958,0.0118,0.0875,0.357,175.958,4,185,FALSE,track,John Mayer,0,62,day,198200,winner
0.881,0.478,4,-10.386,1,0.0304,0.476,0.00574,0.0737,0.803,97.807,4,185,FALSE,track,John Mayer,0,58,day,250840,winner
0.619,0.437,7,-11.756,1,0.0314,0.465,0.00619,0.0971,0.408,89.508,4,185,FALSE,track,John Mayer,0,60,day,285053,winner
0.667,0.361,1,-8.69,0,0.0273,0.575,0.00506,0.0805,0.29,134.018,5,185,FALSE,track,John Mayer,0,75,day,242000,winner
0.439,0.59,1,-6.407,1,0.0417,0.0995,0.00221,0.0718,0.4,125.897,4,185,FALSE,track,John Mayer,0,47,day,258160,winner
0.61,0.349,0,-9.321,1,0.0301,0.554,0.0099,0.201,0.155,136.012,4,185,FALSE,track,John Mayer,0,54,day,245746,winner
0.427,0.588,2,-6.721,1,0.0293,0.0538,0.0014,0.0697,0.394,145.099,4,185,FALSE,track,John Mayer,0,48,day,367813,winner
0.511,0.34,9,-9.928,1,0.0299,0.821,0.00876,0.0763,0.269,75.328,3,185,FALSE,track,John Mayer,0,50,day,163026,winner
0.662,0.6,8,-6.706,1,0.2,0.01,0,0.364,0.549,161.976,4,185,FALSE,track,Christina Aguilera,0,29,day,107066,nominee
0.692,0.852,1,-2.975,1,0.0828,0.135,1.26E-05,0.692,0.636,104.957,4,185,FALSE,track,Christina Aguilera,1,35,day,250400,nominee
0.469,0.883,8,-3.663,1,0.292,0.124,0.000516,0.298,0.791,97.648,4,185,FALSE,track,Christina Aguilera,0,32,day,253493,nominee
0.862,0.742,7,-4.722,1,0.222,0.00376,0.00855,0.103,0.511,127.91,4,185,FALSE,track,Christina Aguilera,0,59,day,228906,nominee
0.609,0.655,11,-4.049,0,0.041,0.048,0,0.1,0.352,79.079,4,185,FALSE,track,Christina Aguilera,0,35,day,225786,nominee
0.723,0.778,6,-3.867,1,0.0444,0.0292,0.000897,0.0518,0.58,96.459,4,185,FALSE,track,Christina Aguilera,0,35,day,207213,nominee
0.426,0.669,1,-5.293,0,0.18,0.338,0,0.1,0.462,173.446,4,185,FALSE,track,Christina Aguilera,0,37,day,224586,nominee
0.764,0.259,1,-8.088,1,0.0604,0.884,0.00087,0.251,0.211,139.617,4,185,FALSE,track,Christina Aguilera,0,30,day,141440,nominee
0.57,0.64,1,-5.266,1,0.154,0.312,5.77E-06,0.0639,0.604,88.804,4,185,FALSE,track,Christina Aguilera,0,30,day,216920,nominee
0.602,0.666,0,-6.734,0,0.218,0.297,2.19E-05,0.586,0.44,98.646,4,185,FALSE,track,Christina Aguilera,0,32,day,236760,nominee
0.895,0.714,6,-3.854,0,0.0559,0.122,1.13E-05,0.166,0.89,94.963,4,185,FALSE,track,Christina Aguilera,0,33,day,226373,nominee
0.555,0.868,1,-2.877,1,0.183,0.00333,1.06E-05,0.13,0.463,182.951,4,185,FALSE,track,Christina Aguilera,0,29,day,198893,nominee
0.789,0.454,10,-8.383,0,0.365,0.429,0.0079,0.118,0.659,90.018,4,185,FALSE,track,Christina Aguilera,0,25,day,298960,nominee
0.345,0.838,9,-5.4,0,0.224,0.443,1.75E-06,0.732,0.125,107.939,4,185,FALSE,track,Christina Aguilera,0,32,day,102466,nominee
0.419,0.71,4,-4.955,0,0.0373,0.0379,0.00375,0.192,0.158,79.269,4,185,FALSE,track,Christina Aguilera,0,32,day,162080,nominee
0.686,0.789,8,-4.713,0,0.23,0.0125,0.0147,0.142,0.72,172.976,4,185,FALSE,track,Christina Aguilera,0,63,day,194213,nominee
0.367,0.744,1,-4.98,1,0.113,0.104,0,0.735,0.291,112.589,3,185,FALSE,track,Christina Aguilera,0,37,day,285106,nominee
0.473,0.471,1,-10.004,0,0.0358,0.891,0.955,0.344,0.404,90.011,4,185,FALSE,track,Christina Aguilera,0,30,day,222266,nominee
0.327,0.295,4,-6.907,0,0.0313,0.775,0,0.107,0.143,148.574,4,185,FALSE,track,Christina Aguilera,0,62,day,243373,nominee
0.344,0.557,9,-4.793,0,0.0327,0.133,1.33E-05,0.176,0.256,113.912,3,185,FALSE,track,Christina Aguilera,0,38,day,272453,nominee
0.538,0.141,6,-14.385,0,0.096,0.937,0,0.128,0.341,77.931,4,185,FALSE,track,Christina Aguilera,0,41,day,193160,nominee
0.295,0.445,1,-4.311,0,0.0328,0.683,1.32E-05,0.284,0.223,81.859,3,185,FALSE,track,Christina Aguilera,0,34,day,231640,nominee
0.424,0.885,7,-3.654,1,0.0332,0.0226,0.016,0.235,0.378,88.006,4,3,FALSE,track,Duffy,0,21,day,252800,winner
0.493,0.59,0,-5.814,0,0.0392,0.339,0,0.121,0.502,169.908,4,3,FALSE,track,Duffy,0,49,day,226386,winner
0.446,0.81,9,-5.529,1,0.0436,0.0393,0,0.214,0.613,178.135,4,3,FALSE,track,Duffy,0,15,day,250266,winner
0.694,0.523,2,-6.407,0,0.0254,0.875,0.000172,0.352,0.472,97.985,4,3,FALSE,track,Duffy,0,35,day,209453,winner
0.357,0.241,2,-12.366,1,0.0618,0.94,0.000129,0.353,0.227,91.195,4,3,FALSE,track,Duffy,0,35,day,197893,winner
0.598,0.443,2,-6.493,0,0.0342,0.456,6.06E-05,0.182,0.386,108.045,4,3,FALSE,track,Duffy,0,24,day,236426,winner
0.793,0.859,0,-3.774,1,0.0332,0.266,0.000356,0.133,0.964,129.911,4,3,FALSE,track,Duffy,0,57,day,219920,winner
0.559,0.598,0,-6.316,0,0.0566,0.451,1.04E-06,0.248,0.7,207.905,4,3,FALSE,track,Duffy,0,26,day,177413,winner
0.514,0.435,9,-7.772,1,0.0288,0.429,2.18E-05,0.152,0.408,90.078,4,3,FALSE,track,Duffy,0,35,day,189306,winner
0.399,0.604,2,-4.325,1,0.0288,0.00426,0.00126,0.386,0.146,94.962,4,3,FALSE,track,Duffy,0,37,day,305666,winner
0.638,0.656,5,-5.886,1,0.0357,0.188,0,0.146,0.225,104.036,4,184,FALSE,track,Leona Lewis,0,75,year,262466,nominee
0.584,0.7,6,-4.251,1,0.0505,0.512,2.44E-05,0.13,0.545,163.95,4,184,FALSE,track,Leona Lewis,0,65,year,234173,nominee
0.406,0.6,7,-4.157,1,0.0298,0.132,0,0.15,0.205,149.987,4,184,FALSE,track,Leona Lewis,0,31,year,238640,nominee
0.68,0.616,2,-6.652,0,0.0374,0.312,0,0.328,0.556,130.048,4,184,FALSE,track,Leona Lewis,0,24,year,227080,nominee
0.729,0.791,5,-5.39,1,0.0769,0.0112,0,0.0314,0.59,120.02,4,184,FALSE,track,Leona Lewis,0,25,year,219960,nominee
0.781,0.588,1,-6.402,1,0.115,0.0178,3.00E-06,0.0576,0.886,119.938,4,184,FALSE,track,Leona Lewis,0,20,year,220906,nominee
0.691,0.629,2,-6.118,1,0.0417,0.328,0,0.133,0.58,88.002,4,184,FALSE,track,Leona Lewis,0,25,year,254213,nominee
0.329,0.105,6,-10.353,1,0.0382,0.739,1.85E-05,0.129,0.146,119.452,4,184,FALSE,track,Leona Lewis,0,24,year,265880,nominee
0.732,0.642,8,-7.065,1,0.0333,0.0772,0,0.304,0.345,116.982,4,184,FALSE,track,Leona Lewis,0,33,year,233173,nominee
0.493,0.819,8,-4.846,1,0.125,0.0421,0,0.205,0.427,189.709,4,184,FALSE,track,Leona Lewis,0,23,year,207666,nominee
0.668,0.673,8,-4.879,0,0.138,0.402,0,0.108,0.447,73.972,4,184,FALSE,track,Leona Lewis,0,27,year,233973,nominee
0.502,0.448,8,-5.166,1,0.0281,0.692,0,0.114,0.123,119.921,4,184,FALSE,track,Leona Lewis,0,47,year,247440,nominee
0.566,0.212,10,-9.855,1,0.0372,0.794,0,0.106,0.0782,119.847,4,184,FALSE,track,Leona Lewis,0,23,year,290480,nominee
0.866,0.857,9,-5.894,1,0.0664,0.13,0.0017,0.13,0.408,130.049,4,184,TRUE,track,Black Eyed Peas,0,64,day,251440,winner
0.715,0.907,7,-6.025,0,0.0993,0.0172,8.39E-05,0.426,0.841,124.991,4,184,FALSE,track,Black Eyed Peas,0,59,day,268840,winner
0.798,0.629,11,-6.857,0,0.0735,0.00474,2.29E-05,0.324,0.4,130.002,4,184,FALSE,track,Black Eyed Peas,0,72,day,284373,winner
0.597,0.517,0,-6.963,1,0.366,0.179,0,0.307,0.413,92.035,4,184,TRUE,track,Black Eyed Peas,0,64,day,257560,winner
0.744,0.766,0,-6.375,1,0.0265,0.0873,0,0.509,0.61,127.966,4,184,FALSE,track,Black Eyed Peas,0,73,day,289133,winner
0.801,0.643,11,-7.07,0,0.0375,0.0676,0.00047,0.612,0.568,115.037,4,184,FALSE,track,Black Eyed Peas,0,45,day,303453,winner
0.8,0.728,0,-5.419,0,0.0991,0.217,0,0.411,0.404,126.07,4,184,FALSE,track,Black Eyed Peas,0,41,day,274546,winner
0.677,0.831,7,-7.372,0,0.0803,0.165,0,0.187,0.62,124.881,4,184,FALSE,track,Black Eyed Peas,0,38,day,272760,winner
0.698,0.821,0,-5.749,1,0.0492,0.0384,0,0.489,0.351,128.018,4,184,TRUE,track,Black Eyed Peas,0,41,day,283586,winner
0.928,0.47,7,-6.712,1,0.133,0.00437,0.0203,0.113,0.711,121.039,4,184,FALSE,track,Black Eyed Peas,0,34,day,231893,winner
0.771,0.471,0,-6.012,1,0.0786,0.00754,0.00214,0.143,0.403,89.015,4,184,FALSE,track,Black Eyed Peas,0,32,day,248133,winner
0.75,0.609,5,-6.596,0,0.205,0.00847,0,0.43,0.479,128.614,4,184,FALSE,track,Black Eyed Peas,0,32,day,267386,winner
0.797,0.737,2,-7.148,1,0.155,0.134,0,0.146,0.848,144.989,4,184,FALSE,track,Black Eyed Peas,0,30,day,245906,winner
0.854,0.475,9,-9.436,0,0.127,0.334,0.000231,0.182,0.799,119.993,4,184,FALSE,track,Black Eyed Peas,0,33,day,280626,winner
0.89,0.444,8,-9.001,0,0.0668,0.0446,0.123,0.117,0.407,128.022,4,184,FALSE,track,Black Eyed Peas,0,33,day,225773,winner
0.787,0.859,11,-2.985,0,0.0359,0.0057,1.31E-06,0.0426,0.808,103.944,4,185,TRUE,track,P!nk,0,21,day,204626,nominee
0.684,0.913,11,-4.203,0,0.0673,0.0395,0.39,0.0911,0.249,127.992,4,185,TRUE,track,P!nk,0,18,day,355093,nominee
0.797,0.822,11,-4.271,0,0.0856,3.67E-05,0.784,0.0552,0.0388,127.983,4,185,TRUE,track,P!nk,0,5,day,367893,nominee
0.695,0.921,0,-3.752,1,0.0363,0.00314,5.26E-05,0.0842,0.714,119.007,4,183,TRUE,track,Lady Gaga,0,43,day,294573,winner
0.623,0.795,11,-6.63,0,0.046,0.000399,0.0014,0.375,0.358,98.995,4,183,FALSE,track,Lady Gaga,0,39,day,274213,winner
0.695,0.801,9,-4.503,0,0.0441,0.00124,0,0.479,0.646,119.973,4,183,TRUE,track,Lady Gaga,0,37,day,249280,winner
0.298,0.702,0,-4.181,1,0.0398,0.441,0,0.35,0.429,143.824,4,183,FALSE,track,Lady Gaga,0,27,day,270813,winner
0.639,0.751,0,-6.358,0,0.0324,2.97E-05,4.96E-05,0.163,0.14,120.992,4,183,TRUE,track,Lady Gaga,0,31,day,288960,winner
0.824,0.837,3,-5.903,1,0.0405,0.00521,0.000817,0.112,0.715,122.013,4,183,FALSE,track,Lady Gaga,1,38,day,220640,winner
0.557,0.772,0,-5.068,1,0.0304,0.000318,0.00223,0.176,0.324,99.965,4,183,FALSE,track,Lady Gaga,0,31,day,234866,winner
0.708,0.826,11,-5.164,1,0.0476,0.0327,0,0.0868,0.519,96.019,4,183,FALSE,track,Lady Gaga,0,26,day,220706,winner
0.73,0.769,8,-5.114,1,0.0298,0.138,0,0.0473,0.507,104.948,4,23,FALSE,track,Adele,0,77,day,228093,winner
0.612,0.749,0,-5.014,1,0.0446,0.615,0,0.167,0.574,120.052,4,23,FALSE,track,Adele,0,64,day,223266,winner
0.353,0.446,0,-6.044,0,0.0285,0.95,1.35E-05,0.132,0.211,155.476,4,23,FALSE,track,Adele,0,62,day,250000,winner
0.644,0.4,3,-5.713,1,0.0304,0.214,0,0.0866,0.227,115.025,4,23,FALSE,track,Adele,0,61,day,243200,winner
0.603,0.67,2,-3.882,0,0.0249,0.00408,1.68E-06,0.112,0.446,107.993,4,23,FALSE,track,Adele,0,77,day,242973,winner
0.706,0.57,0,-7.045,0,0.086,0.0225,0,0.0754,0.728,159.908,4,23,FALSE,track,Adele,0,53,day,278040,winner
0.415,0.266,0,-8.44,1,0.0308,0.957,1.18E-06,0.183,0.282,138.096,4,23,FALSE,track,Adele,0,52,day,228293,winner
0.547,0.848,2,-2.684,1,0.0367,0.049,0,0.114,0.749,160.063,4,23,FALSE,track,Adele,0,50,day,241351,winner
0.528,0.468,5,-5.306,1,0.0287,0.295,0,0.165,0.185,154.974,3,23,FALSE,track,Adele,0,64,day,348226,winner
0.689,0.369,0,-9.407,0,0.0278,0.693,0.00236,0.111,0.361,116.885,4,23,FALSE,track,Adele,0,55,day,316240,winner
0.556,0.319,9,-8.251,1,0.0281,0.893,0,0.0996,0.294,135.187,4,23,FALSE,track,Adele,0,77,day,285240,winner
0.676,0.807,5,-5.131,1,0.029,0.0284,0,0.0701,0.443,95.956,4,2,FALSE,track,Kelly Clarkson,0,43,day,232520,winner
0.562,0.939,0,-4.282,1,0.0475,0.046,0,0.112,0.684,116.044,4,2,FALSE,track,Kelly Clarkson,0,63,day,221946,winner
0.559,0.86,7,-4.04,1,0.05,0.0991,0,0.292,0.292,118.969,4,2,FALSE,track,Kelly Clarkson,0,39,day,224506,winner
0.31,0.856,7,-4.592,0,0.122,0.124,0,0.174,0.2,169.76,4,2,FALSE,track,Kelly Clarkson,0,22,day,216173,winner
0.74,0.864,9,-4.044,0,0.0385,0.0499,0,0.0611,0.832,119.955,4,2,FALSE,track,Kelly Clarkson,0,23,day,244200,winner
0.64,0.796,3,-4.016,0,0.0302,0.0694,0,0.42,0.77,96.982,4,2,FALSE,track,Kelly Clarkson,0,20,day,179000,winner
0.543,0.553,0,-6.641,1,0.0248,0.389,0,0.151,0.287,79.917,4,2,FALSE,track,Kelly Clarkson,0,19,day,239240,winner
0.619,0.755,9,-4.449,1,0.0477,0.002,0,0.162,0.635,127.997,4,2,FALSE,track,Kelly Clarkson,0,27,day,184386,winner
0.601,0.83,6,-3.041,1,0.0353,0.000311,0,0.272,0.753,117.999,4,2,FALSE,track,Kelly Clarkson,0,20,day,179533,winner
0.512,0.76,6,-5.236,1,0.0583,0.0404,0,0.1,0.207,91.043,4,2,FALSE,track,Kelly Clarkson,0,21,day,236960,winner
0.494,0.958,8,-4.646,1,0.106,0.000274,0,0.323,0.859,159.963,4,2,FALSE,track,Kelly Clarkson,0,21,day,204346,winner
0.512,0.816,9,-2.655,1,0.113,0.000132,0,0.0631,0.644,147.978,4,2,FALSE,track,Kelly Clarkson,0,19,day,259813,winner
0.46,0.575,4,-5.449,1,0.0287,0.00663,0,0.205,0.0781,108.867,4,2,FALSE,track,Kelly Clarkson,0,21,day,228693,winner
0.444,0.657,11,-4.508,1,0.0307,0.0449,0,0.0838,0.147,143.801,4,0,FALSE,track,Jason Aldean,1,0,day,259986,winner
0.659,0.926,10,-2.997,1,0.0619,0.00139,0,0.223,0.593,127.948,4,2,FALSE,track,Kelly Clarkson,0,21,day,181040,winner
0.527,0.884,1,-4.72,1,0.0597,0.0018,0,0.528,0.779,140.074,4,2,FALSE,track,Kelly Clarkson,0,19,day,207013,winner
0.398,0.633,8,-5.304,1,0.0322,0.00432,0,0.124,0.135,144.084,4,2,FALSE,track,Kelly Clarkson,0,22,day,213440,winner
0.561,0.749,6,-4.951,0,0.032,0.461,1.82E-06,0.205,0.501,125.986,4,168,FALSE,track,Bruno Mars,0,66,day,228720,winner
0.726,0.698,5,-4.165,1,0.0431,0.049,0,0.309,0.867,143.994,4,168,FALSE,track,Bruno Mars,0,89,day,233478,winner
0.717,0.544,7,-6.598,1,0.0371,0.445,5.16E-06,0.0973,0.641,139.959,4,168,TRUE,track,Bruno Mars,0,64,day,244493,winner
0.874,0.692,5,-5.28,0,0.0431,0.0412,7.24E-05,0.324,0.937,116.017,4,168,TRUE,track,Bruno Mars,0,82,day,178560,winner
0.705,0.784,2,-4.351,1,0.0279,0.211,4.30E-06,0.0813,0.418,104.98,4,168,FALSE,track,Bruno Mars,0,59,day,228573,winner
0.612,0.28,0,-8.648,1,0.0434,0.932,0,0.088,0.387,72.795,4,168,FALSE,track,Bruno Mars,0,87,day,213826,winner
0.76,0.733,7,-6.704,1,0.0504,0.15,0,0.0647,0.611,111.975,4,168,FALSE,track,Bruno Mars,0,58,day,225026,winner
0.743,0.706,5,-5.728,1,0.0535,0.0461,0,0.204,0.514,77.989,4,168,FALSE,track,Bruno Mars,0,62,day,207560,winner
0.754,0.677,0,-6.555,1,0.0709,0.0943,7.39E-05,0.153,0.78,93.022,4,168,FALSE,track,Bruno Mars,0,54,day,203973,winner
0.522,0.413,3,-5.86,1,0.0316,0.722,0,0.0854,0.49,175.972,3,168,FALSE,track,Bruno Mars,0,67,day,132640,winner
0.764,0.567,0,-8.585,1,0.0609,0.0126,9.08E-05,0.257,0.426,89.991,4,183,TRUE,track,Lorde,0,64,day,198907,nominee
0.516,0.474,2,-8.361,1,0.0377,0.0793,0.00338,0.134,0.192,183.95,4,183,FALSE,track,Lorde,0,61,day,234286,nominee
0.674,0.426,7,-9.504,1,0.122,0.12,0,0.132,0.337,84.876,4,183,FALSE,track,Lorde,0,75,day,190185,nominee
0.525,0.472,4,-9.277,1,0.0739,0.534,0.614,0.11,0.0424,127.945,4,183,FALSE,track,Lorde,0,78,day,258969,nominee
0.733,0.62,1,-10.525,1,0.0752,0.612,0.291,0.117,0.251,111.039,4,183,FALSE,track,Lorde,0,69,day,246755,nominee
0.691,0.578,6,-7.436,1,0.106,0.167,0,0.305,0.412,99.984,4,183,FALSE,track,Lorde,0,74,day,193058,nominee
0.689,0.377,1,-8.761,1,0.0397,0.281,0,0.268,0.295,143.947,4,183,FALSE,track,Lorde,0,60,day,210737,nominee
0.36,0.361,0,-12.14,1,0.0463,0.664,0.00582,0.0682,0.0948,130.255,3,183,FALSE,track,Lorde,0,51,day,188133,nominee
0.654,0.304,6,-9.067,0,0.0358,0.649,6.65E-05,0.147,0.102,113.992,4,183,FALSE,track,Lorde,0,55,day,216600,nominee
0.562,0.485,1,-8.347,0,0.0359,0.289,0.00173,0.194,0.0665,118.01,4,183,FALSE,track,Lorde,0,57,day,294222,nominee
0.67,0.841,2,-5.217,1,0.18,0.204,0.000294,0.229,0.742,133.918,4,184,FALSE,track,Sam Smith,0,62,day,192670,nominee
0.614,0.311,1,-10.708,0,0.0526,0.632,0.00259,0.336,0.27,129.644,4,184,FALSE,track,Sam Smith,0,45,day,201087,nominee
0.413,0.42,0,-6.444,1,0.0416,0.588,6.39E-05,0.11,0.185,84.126,4,184,FALSE,track,Sam Smith,0,81,day,172723,nominee
0.414,0.264,4,-8.741,1,0.0481,0.948,6.31E-06,0.106,0.36,92.994,5,184,FALSE,track,Sam Smith,0,54,day,188377,nominee
0.678,0.484,5,-5.795,1,0.0361,0.529,2.01E-05,0.0766,0.493,82.004,4,184,FALSE,track,Sam Smith,0,82,day,239316,nominee
0.657,0.381,4,-8.052,0,0.0356,0.634,7.87E-05,0.0976,0.189,86.065,4,184,FALSE,track,Sam Smith,0,47,day,210369,nominee
0.657,0.628,7,-6.627,0,0.0379,0.348,2.01E-05,0.124,0.483,99.924,4,184,FALSE,track,Sam Smith,0,72,day,167065,nominee
0.456,0.473,4,-7.561,0,0.0353,0.492,0.000338,0.136,0.216,119.889,4,184,FALSE,track,Sam Smith,0,46,day,173356,nominee
0.462,0.152,2,-12.457,1,0.0371,0.939,0,0.126,0.286,71.363,4,184,FALSE,track,Sam Smith,0,52,day,172452,nominee
0.418,0.332,4,-9.482,1,0.0492,0.771,2.01E-05,0.109,0.171,119.164,4,184,FALSE,track,Sam Smith,0,68,day,253208,nominee
0.495,0.502,5,-9.307,1,0.0259,0.0127,0.689,0.068,0.0394,97.546,3,185,FALSE,track,Coldplay,0,63,day,216626,nominee
0.738,0.482,6,-8.917,0,0.0402,0.0266,0.621,0.106,0.352,93.457,4,185,FALSE,track,Coldplay,0,71,day,285014,nominee
0.688,0.705,6,-7.311,1,0.0323,0.0647,0.124,0.118,0.696,112.019,4,185,FALSE,track,Coldplay,0,57,day,228373,nominee
0.482,0.573,11,-7.966,1,0.028,0.00376,0.077,0.123,0.184,119.991,4,185,FALSE,track,Coldplay,0,54,day,246000,nominee
0.548,0.475,1,-12.42,1,0.0355,0.615,0.808,0.0944,0.0349,126.974,4,185,FALSE,track,Coldplay,0,61,day,294666,nominee
0.516,0.572,8,-9.037,1,0.0291,0.00715,0.254,0.139,0.351,160.023,4,185,FALSE,track,Coldplay,0,49,day,234413,nominee
0.194,0.132,11,-15.783,1,0.0349,0.919,0.181,0.159,0.04,74.845,4,185,FALSE,track,Coldplay,0,49,day,321680,nominee
0.545,0.675,6,-6.474,1,0.0279,0.00617,0.00197,0.209,0.162,124.97,4,185,FALSE,track,Coldplay,0,85,day,267866,nominee
0.371,0.216,10,-14.727,1,0.0358,0.911,0.826,0.0934,0.0645,136.998,4,185,FALSE,track,Coldplay,0,60,day,323480,nominee
0.793,0.634,7,-4.807,1,0.0324,0.038,1.76E-06,0.304,0.615,117.024,4,2,FALSE,track,Taylor Swift,0,52,day,212600,winner
0.753,0.678,5,-5.421,1,0.0644,0.085,1.64E-06,0.13,0.583,96.006,4,2,FALSE,track,Taylor Swift,0,69,day,231826,winner
0.598,0.786,2,-5.572,1,0.0383,0.00253,0.0016,0.117,0.456,95.019,4,2,FALSE,track,Taylor Swift,0,66,day,231000,winner
0.552,0.842,7,-6.938,1,0.0373,0.00103,1.17E-05,0.337,0.343,91.991,4,2,FALSE,track,Taylor Swift,0,52,day,235800,winner
0.602,0.736,5,-5.778,1,0.0338,0.00196,4.57E-05,0.105,0.471,96.969,4,2,FALSE,track,Taylor Swift,0,48,day,193293,winner
0.647,0.785,7,-5.414,1,0.165,0.0561,0,0.148,0.943,160.015,4,2,FALSE,track,Taylor Swift,0,68,day,219200,winner
0.648,0.898,0,-5.963,1,0.0513,0.016,9.91E-05,0.109,0.502,118.02,4,2,FALSE,track,Taylor Swift,0,40,day,207440,winner
0.65,0.802,7,-6.114,1,0.181,0.0871,6.54E-06,0.148,0.295,170.146,4,2,FALSE,track,Taylor Swift,0,60,day,211933,winner
0.554,0.666,8,-7.414,1,0.0747,0.0702,0.00593,0.106,0.472,140.056,4,2,FALSE,track,Taylor Swift,0,64,day,220440,winner
0.764,0.66,5,-6.136,1,0.0494,0.00461,0.00477,0.0915,0.524,119.988,4,2,FALSE,track,Taylor Swift,0,41,day,247533,winner
0.475,0.459,4,-8.768,1,0.0333,0.635,0,0.101,0.0828,143.988,4,2,FALSE,track,Taylor Swift,0,39,day,250093,winner
0.596,0.763,0,-4.99,1,0.0661,0.231,0,0.2,0.507,159.958,4,2,FALSE,track,Taylor Swift,0,38,day,195706,winner
0.81,0.379,4,-7.771,1,0.0349,0.241,0,0.113,0.22,103.981,4,2,FALSE,track,Taylor Swift,0,41,day,271000,winner
0.578,0.43,5,-6.134,0,0.0305,0.33,0,0.0854,0.288,78.991,4,23,FALSE,track,Adele,0,70,day,295502,winner
0.688,0.533,6,-8.363,0,0.0865,0.0355,3.48E-06,0.172,0.567,164.069,4,23,FALSE,track,Adele,0,70,day,223078,winner
0.382,0.578,5,-4.246,1,0.047,0.00982,1.44E-05,0.433,0.156,113.072,4,23,FALSE,track,Adele,0,56,day,348625,winner
0.376,0.595,3,-5.936,1,0.0496,0.303,0,0.095,0.265,144.361,4,23,FALSE,track,Adele,0,71,day,290900,winner
0.405,0.3,2,-6.475,1,0.0378,0.894,0,0.154,0.24,162.355,3,23,FALSE,track,Adele,0,58,day,245426,winner
0.59,0.833,5,-6.503,0,0.0615,0.0142,5.40E-06,0.105,0.538,94.963,4,23,FALSE,track,Adele,0,67,day,240439,winner
0.384,0.585,1,-5.588,1,0.0311,0.0591,1.77E-06,0.116,0.252,82.378,4,23,FALSE,track,Adele,0,53,day,225426,winner
0.331,0.341,9,-6.057,0,0.0309,0.528,0,0.109,0.152,109.821,4,23,FALSE,track,Adele,0,72,day,285935,winner
0.72,0.274,1,-7.623,0,0.0276,0.742,0,0.11,0.179,105.929,4,23,FALSE,track,Adele,0,60,day,227065,winner
0.591,0.28,4,-5.494,1,0.0283,0.889,0,0.124,0.348,141.916,4,23,FALSE,track,Adele,0,67,day,271800,winner
0.416,0.752,0,-5.471,1,0.0396,0.251,0,0.125,0.266,155.89,3,23,FALSE,track,Adele,0,50,day,251701,winner
0.438,0.805,5,-4.284,0,0.0728,0.0115,0.000667,0.133,0.31,150.174,4,172,FALSE,track,Sia,0,61,day,252440,nominee
0.508,0.762,6,-4.217,0,0.0489,0.254,0.000122,0.108,0.444,99.963,4,172,FALSE,track,Sia,0,58,day,263520,nominee
0.365,0.717,9,-4.113,0,0.0521,0.102,0,0.467,0.204,171.827,4,172,FALSE,track,Sia,0,41,day,252066,nominee
0.617,0.842,10,-4.062,0,0.034,0.00117,0.261,0.131,0.36,127.955,4,172,FALSE,track,Sia,0,53,day,247213,nominee
0.468,0.779,9,-4.839,1,0.0779,0.112,0.000373,0.101,0.26,173.799,4,172,FALSE,track,Sia,0,77,day,217746,nominee
0.628,0.698,6,-5.608,0,0.105,0.0472,0.00143,0.0907,0.732,89.976,4,172,FALSE,track,Sia,0,68,day,211666,nominee
0.567,0.773,6,-3.344,1,0.0451,0.0355,0.00011,0.0901,0.731,82.947,4,172,FALSE,track,Sia,0,46,day,219773,nominee
0.523,0.782,1,-6.01,0,0.054,0.000425,0.106,0.135,0.247,179.967,4,172,FALSE,track,Sia,0,46,day,241120,nominee
0.557,0.759,1,-4.986,0,0.0346,0.027,0.000626,0.318,0.187,92.986,4,172,FALSE,track,Sia,0,41,day,193133,nominee
0.779,0.934,3,-2.027,1,0.189,0.0236,0.0177,0.271,0.896,103.982,4,172,FALSE,track,Sia,0,37,day,145600,nominee
0.406,0.917,0,-2.812,0,0.0662,0.0128,0.0571,0.12,0.397,154.033,4,172,FALSE,track,Sia,0,44,day,264986,nominee
0.238,0.501,8,-7.147,1,0.0359,0.676,0.00111,0.096,0.109,101.479,5,172,FALSE,track,Sia,0,37,day,287773,nominee
0.592,0.788,6,-4.924,0,0.201,0.0599,2.54E-06,0.125,0.755,89.949,4,172,FALSE,track,Sia,1,63,day,224493,nominee
0.668,0.725,1,-6.127,1,0.266,0.0102,0.000479,0.0561,0.729,191.944,4,172,FALSE,track,Sia,1,64,day,210226,nominee
0.408,0.711,1,-3.455,1,0.0462,0.269,4.41E-06,0.111,0.288,80.389,4,172,FALSE,track,Sia,0,45,day,246173,nominee
0.636,0.789,10,-4.905,0,0.0892,0.0834,0.000896,0.391,0.4,128.028,4,172,FALSE,track,Sia,1,62,day,217906,nominee
0.591,0.658,7,-4.492,0,0.0299,0.0673,7.03E-05,0.211,0.0553,112.36,4,172,FALSE,track,Sia,0,42,day,222973,nominee
0.282,0.283,10,-8.866,1,0.0316,0.854,0.0608,0.232,0.0876,112.366,4,172,FALSE,track,Sia,0,35,day,329373,nominee
0.639,0.785,10,-6.167,0,0.174,0.0174,0.00107,0.0512,0.686,191.95,4,172,FALSE,track,Sia,0,72,day,210920,nominee
0.352,0.711,5,-6.412,1,0.0334,0.157,0.701,0.0683,0.422,73.161,4,184,FALSE,track,Coldplay,0,53,day,274586,nominee
0.624,0.824,6,-5.501,1,0.0445,0.0167,0.00029,0.138,0.366,97.012,4,184,FALSE,track,Coldplay,1,56,day,276906,nominee
0.427,0.876,9,-4.982,0,0.0366,0.00157,0.000944,0.206,0.261,148,5,184,FALSE,track,Coldplay,0,38,day,282426,nominee
0.374,0.86,11,-6.996,0,0.0563,0.00171,0.00114,0.988,0.156,102.866,4,184,FALSE,track,Coldplay,1,35,day,273746,nominee
0.501,0.639,5,-6.591,1,0.0357,0.399,0.85,0.099,0.0789,120.04,4,184,FALSE,track,Coldplay,0,50,day,391413,nominee
0.336,0.231,1,-6.217,1,0.0497,0.942,0,0.188,0.429,168.685,5,179,TRUE,track,Ariana Grande,0,56,day,37640,winner
0.795,0.759,6,-6.348,1,0.0528,0.0793,0,0.0805,0.855,110.021,4,179,TRUE,track,Ariana Grande,1,52,day,196360,winner
0.877,0.547,7,-5.705,1,0.18,0.0122,1.51E-05,0.028,0.687,99.034,4,179,TRUE,track,Ariana Grande,1,57,day,228373,winner
0.831,0.485,10,-6.677,0,0.15,0.375,1.47E-05,0.118,0.622,80.022,4,179,TRUE,track,Ariana Grande,0,62,day,245666,winner
0.602,0.658,1,-5.934,1,0.0558,0.0233,6.00E-05,0.237,0.268,145.031,4,179,TRUE,track,Ariana Grande,0,74,day,197546,winner
0.721,0.459,4,-6.408,1,0.032,0.248,0,0.212,0.46,119.914,4,179,TRUE,track,Ariana Grande,0,64,day,208493,winner
0.847,0.603,0,-4.607,0,0.0397,0.107,7.40E-06,0.106,0.735,114.045,4,179,TRUE,track,Ariana Grande,0,61,day,227386,winner
0.71,0.614,10,-6.757,0,0.0431,0.186,0,0.0974,0.658,148.152,4,179,TRUE,track,Ariana Grande,0,70,day,172106,winner
0.568,0.656,8,-5.413,1,0.0433,0.0211,1.37E-05,0.213,0.364,100.049,4,179,TRUE,track,Ariana Grande,0,68,day,198160,winner
0.699,0.713,9,-5.507,0,0.0594,0.04,3.11E-06,0.294,0.354,121.993,4,179,FALSE,track,Ariana Grande,0,74,day,205920,winner
0.761,0.818,6,-5.238,0,0.0978,0.058,0,0.11,0.348,110.99,4,179,TRUE,track,Ariana Grande,1,55,day,177533,winner
0.597,0.524,11,-7.247,1,0.0537,0.216,0,0.112,0.0549,92.568,4,179,TRUE,track,Ariana Grande,0,61,day,171333,winner
0.708,0.454,1,-7.07,1,0.0395,0.0217,0,0.073,0.24,110.963,4,179,TRUE,track,Ariana Grande,0,65,day,189506,winner
0.652,0.31,4,-10.212,1,0.0509,0.43,1.16E-05,0.182,0.304,119.913,4,179,TRUE,track,Ariana Grande,0,55,day,73813,winner
0.604,0.449,9,-6.564,0,0.0353,0.657,0,0.0932,0.528,100.355,4,179,TRUE,track,Ariana Grande,0,56,day,322026,winner
0.637,0.713,0,-4.333,1,0.0747,0.181,0.000637,0.137,0.243,129.923,4,185,FALSE,track,Camila Cabello,0,76,day,226973,nominee
0.732,0.436,1,-7.409,0,0.117,0.609,0,0.108,0.475,94.852,4,185,FALSE,track,Camila Cabello,0,50,day,164373,nominee
0.65,0.758,2,-4.02,1,0.116,0.166,0,0.0889,0.663,94.9,4,185,FALSE,track,Camila Cabello,0,54,day,177160,nominee
0.765,0.523,2,-4.333,1,0.03,0.184,3.56E-05,0.132,0.394,104.988,4,185,FALSE,track,Camila Cabello,1,80,day,217306,nominee
0.737,0.697,8,-5.31,1,0.0895,0.43,0.000382,0.0821,0.655,94.101,4,185,FALSE,track,Camila Cabello,0,43,day,182560,nominee
0.455,0.292,0,-6.792,1,0.0563,0.889,0,0.106,0.43,84.339,5,185,FALSE,track,Camila Cabello,0,57,day,178466,nominee
0.726,0.304,3,-8.677,1,0.131,0.839,0,0.0853,0.813,91.97,4,185,FALSE,track,Camila Cabello,0,52,day,214386,nominee
0.545,0.458,5,-4.6,0,0.0279,0.367,0,0.118,0.164,79.943,4,185,FALSE,track,Camila Cabello,0,53,day,236360,nominee
0.425,0.548,7,-6.762,1,0.114,0.21,0,0.115,0.282,175.756,4,185,FALSE,track,Camila Cabello,0,46,day,219826,nominee
0.569,0.649,11,-8.175,1,0.482,0.451,0,0.128,0.441,108.77,4,185,FALSE,track,Camila Cabello,0,46,day,175653,nominee
0.627,0.693,0,-4.382,1,0.0856,0.158,0.000102,0.115,0.245,129.801,4,185,FALSE,track,Camila Cabello,0,42,day,227240,nominee
0,0.278,1,-21.63,1,0,0.768,0,0.669,0,0,0,184,FALSE,track,Billie Eilish,0,18,day,13578,winner
0.701,0.425,7,-10.965,1,0.375,0.328,0.13,0.1,0.562,135.128,4,184,FALSE,track,Billie Eilish,0,81,day,194087,winner
0.521,0.125,9,-17.832,1,0.239,0.751,0.00207,0.265,0.0528,111.554,4,184,FALSE,track,Billie Eilish,0,69,day,243725,winner
0.678,0.533,4,-10.485,1,0.186,0.462,0.219,0.139,0.323,150.455,4,184,FALSE,track,Billie Eilish,0,75,day,180952,winner
0.726,0.444,8,-8.922,0,0.372,0.283,0.143,0.177,0.569,185.044,4,184,FALSE,track,Billie Eilish,0,73,day,168839,winner
0.853,0.351,7,-10.198,1,0.241,0.39,9.38E-06,0.752,0.282,118.028,4,184,FALSE,track,Billie Eilish,0,73,day,221543,winner
0.367,0.111,4,-14.084,1,0.0972,0.978,3.97E-05,0.0897,0.198,82.642,4,184,FALSE,track,Billie Eilish,0,84,day,196077,winner
0.735,0.235,3,-13.239,1,0.315,0.698,0.00604,0.107,0.462,62.446,4,184,FALSE,track,Billie Eilish,0,65,day,173201,winner
0.939,0.305,8,-10.952,0,0.354,0.35,0.000169,0.105,0.563,100.029,4,184,FALSE,track,Billie Eilish,0,73,day,179889,winner
0.905,0.389,8,-14.505,1,0.332,0.74,0.162,0.106,0.196,120.046,4,184,FALSE,track,Billie Eilish,0,74,day,193143,winner
0.855,0.423,5,-15.044,0,0.0585,0.724,0.469,0.0896,0.572,120.02,4,184,FALSE,track,Billie Eilish,0,72,day,156370,winner
0.319,0.0561,0,-23.023,1,0.045,0.935,0.00384,0.388,0.082,79.764,3,184,FALSE,track,Billie Eilish,0,74,day,242652,winner
0.421,0.131,0,-18.435,1,0.0382,0.952,0.00453,0.109,0.12,137.446,4,184,FALSE,track,Billie Eilish,0,80,day,291796,winner
0.153,0.138,6,-21.877,0,0.0503,0.837,0.55,0.254,0.0503,74.318,3,184,FALSE,track,Billie Eilish,0,66,day,119409,winner
0.386,0.288,1,-18.513,1,0.0602,0.533,0.0167,0.141,0.399,76.796,4,185,FALSE,track,James Earl Jones,0,29,day,43850,nominee
0.484,0.363,5,-8.094,0,0.0368,0.645,0,0.125,0.201,127.822,4,185,FALSE,track,Beyoncé,0,46,day,226479,nominee
0.537,0.247,2,-17.75,1,0.0793,0.199,1.04E-05,0.423,0.17,109.981,5,185,FALSE,track,James Earl Jones,0,32,day,46566,nominee
0.672,0.696,4,-6.693,0,0.177,0.2,0.0275,0.0736,0.642,118.742,4,185,FALSE,track,Beyoncé,0,49,day,162353,nominee
0,0.00515,9,-22.612,0,0,0.524,0.95,0.114,0,0,0,185,FALSE,track,Chiwetel Ejiofor,0,1,day,13853,nominee
0.932,0.775,7,-5.345,0,0.115,0.0184,0.0157,0.318,0.584,119.976,4,185,FALSE,track,Tekno,3,46,day,155990,nominee
0.563,0.47,6,-13.47,1,0.147,0.0306,0.661,0.283,0.186,95.011,3,185,FALSE,track,JayDon,1,0,day,16768,nominee
0.79,0.693,0,-5.767,1,0.0605,0.042,0.0267,0.079,0.855,91.991,4,185,FALSE,track,Burna Boy,0,50,day,190108,nominee
0.489,0.353,8,-17.619,1,0.664,0.491,2.17E-05,0.229,0.175,127.814,1,185,FALSE,track,JayDon,1,3,day,29582,nominee
0.484,0.457,8,-9.458,0,0.204,0.738,0,0.536,0.342,83.493,4,185,FALSE,track,Beyoncé,1,44,day,107204,nominee
0.494,0.411,6,-15.021,0,0.771,0.703,0,0.156,0.403,77.539,1,185,FALSE,track,Billy Eichner,2,28,day,53793,nominee
0.608,0.709,7,-6.175,1,0.374,0.119,0,0.337,0.709,105.742,4,185,FALSE,track,Beyoncé,3,49,day,272068,nominee
0,0.558,0,-17.238,1,0,0.756,0,0.533,0,0,0,185,FALSE,track,Beyoncé Knowles Carter,1,0,day,8619,nominee
0.804,0.823,0,-3.667,0,0.0745,0.0984,3.78E-06,0.246,0.489,124.062,4,185,FALSE,track,Salatiel,2,52,day,152563,nominee
0.603,0.602,6,-7.083,1,0.23,0.049,0,0.279,0.595,119.703,5,185,FALSE,track,Blue Ivy,3,59,day,248472,nominee
0,0.186,0,-17.37,1,0,0.783,0.00014,0.333,0,0,0,185,FALSE,track,Beyoncé Knowles Carter,0,0,day,14827,nominee
0.731,0.674,2,-6.704,1,0.0801,0.0057,2.54E-05,0.109,0.73,90.022,4,185,FALSE,track,Tiwa Savage,1,42,day,198952,nominee
0.628,0.287,9,-16.666,0,0.66,0.675,0,0.426,0.535,83.69,4,185,FALSE,track,Childish Gambino,1,34,day,31391,nominee
0.647,0.732,2,-5.846,1,0.0891,0.0846,0,0.597,0.548,67.295,3,185,FALSE,track,Beyoncé,2,59,day,222529,nominee
0.255,0.32,8,-19.821,1,0.0533,0.826,0.0219,0.261,0.302,87.301,3,185,FALSE,track,James Earl Jones,0,29,day,45293,nominee
0.258,0.248,3,-9.507,1,0.0343,0.944,0.00365,0.0967,0.369,80.187,5,185,FALSE,track,Beyoncé,0,39,day,219991,nominee
0.399,0.38,10,-10.247,1,0.355,0.432,5.90E-06,0.536,0.123,80.096,3,185,FALSE,track,Beyoncé Knowles Carter,0,1,day,18047,nominee
0.773,0.86,7,-4.966,1,0.13,0.0159,0,0.236,0.715,126.967,4,185,FALSE,track,Nija,6,58,day,259741,nominee
0,0.155,1,-16.549,0,0,0.406,0.636,0.0973,0,0,0,185,FALSE,track,Childish Gambino,1,0,day,14051,nominee
0.45,0.453,1,-7.82,1,0.06,0.24,5.48E-06,0.12,0.0532,117.956,4,185,FALSE,track,070 Shake,1,34,day,186677,nominee
0.536,0.115,0,-20.651,1,0.0353,0.699,0.00178,0.115,0.595,32.918,4,185,FALSE,track,James Earl Jones,2,26,day,42978,nominee
0.238,0.435,5,-8.096,1,0.0497,0.00956,0,0.0981,0.0447,78.797,4,185,FALSE,track,Beyoncé,0,43,day,277030,nominee
0.729,0.476,8,-4.985,1,0.0363,0.378,0,0.12,0.368,62.519,3,179,TRUE,track,Ariana Grande,0,65,day,212266,nominee
0.647,0.309,7,-7.948,0,0.0367,0.778,7.31E-06,0.202,0.195,87.046,4,179,TRUE,track,Ariana Grande,0,69,day,171573,nominee
0.747,0.459,6,-6.891,1,0.306,0.448,0,0.252,0.47,75.021,4,179,FALSE,track,Ariana Grande,0,61,day,182000,nominee
0.757,0.665,2,-5.194,0,0.0774,0.0815,0.000158,0.216,0.643,151.979,4,179,TRUE,track,Ariana Grande,0,75,day,216893,nominee
0.45,0.619,9,-7.412,1,0.373,0.329,0,0.319,0.427,83.221,4,179,TRUE,track,Ariana Grande,0,60,day,208880,nominee
0.847,0.579,1,-5.314,1,0.072,0.0268,0.0546,0.102,0.569,137.998,4,179,FALSE,track,Ariana Grande,0,64,day,267106,nominee
0.71,0.715,7,-5.371,1,0.192,0.0845,1.45E-06,0.0617,0.479,105.044,3,179,TRUE,track,Ariana Grande,0,58,day,140693,nominee
0.29,0.364,9,-8.295,1,0.0293,0.418,1.89E-05,0.185,0.11,103.684,4,179,FALSE,track,Ariana Grande,0,65,day,271466,nominee
0.662,0.6,0,-6.403,1,0.0704,0.173,0.000137,0.109,0.331,134.972,4,179,TRUE,track,Ariana Grande,0,65,day,222946,nominee
0.777,0.317,1,-10.732,0,0.308,0.591,0,0.0881,0.33,139.848,4,179,TRUE,track,Ariana Grande,0,82,day,178626,nominee
0.72,0.654,1,-5.634,1,0.0647,0.227,0,0.101,0.411,106.976,4,179,TRUE,track,Ariana Grande,0,78,day,207320,nominee
0.727,0.554,5,-5.29,0,0.0915,0.0421,0,0.106,0.335,170,4,179,TRUE,track,Ariana Grande,0,73,day,190440,nominee
0.875,0.813,7,-4.502,1,0.0579,0.00618,0,0.321,0.859,114.993,4,181,FALSE,track,Dua Lipa,0,52,day,184881,winner
0.793,0.793,11,-4.521,0,0.083,0.0123,0,0.0951,0.679,123.95,4,181,FALSE,track,Dua Lipa,0,80,day,183290,winner
0.469,0.785,5,-4.015,0,0.0664,0.133,1.55E-06,0.0931,0.79,89.719,4,181,FALSE,track,Dua Lipa,0,57,day,209583,winner
0.647,0.844,0,-3.756,1,0.0457,0.0137,0.000658,0.102,0.746,146.967,4,181,FALSE,track,Dua Lipa,0,73,day,193829,winner
0.695,0.884,6,-2.278,0,0.0753,0.0561,0,0.213,0.914,103.014,4,181,FALSE,track,Dua Lipa,0,74,day,203807,winner
0.906,0.474,1,-6.124,1,0.194,0.0311,5.50E-06,0.286,0.656,106.976,4,181,TRUE,track,Dua Lipa,0,65,day,194607,winner
0.627,0.69,10,-5.396,0,0.139,0.033,0,0.0742,0.627,122.053,4,181,FALSE,track,Dua Lipa,0,63,day,208505,winner
0.659,0.667,11,-4.668,0,0.0339,0.00173,2.85E-05,0.1,0.468,115.982,4,181,FALSE,track,Dua Lipa,0,71,day,258004,winner
0.73,0.729,4,-3.434,0,0.0884,0.167,1.39E-06,0.349,0.467,113.011,4,181,FALSE,track,Dua Lipa,0,74,day,221820,winner
0.68,0.701,5,-5.001,1,0.0917,0.138,0.000191,0.168,0.649,94.06,4,181,TRUE,track,Dua Lipa,0,52,day,218754,winner
0.768,0.486,3,-5.954,1,0.0353,0.408,0,0.098,0.519,125.021,4,181,FALSE,track,Dua Lipa,0,54,day,166266,winner
0.672,0.526,4,-6.446,1,0.0599,0.0311,1.37E-06,0.28,0.28,123.999,4,184,TRUE,track,Olivia Rodrigo,0,75,day,143746,winner
0.38,0.339,3,-7.885,1,0.0338,0.691,0,0.12,0.0849,100.607,4,184,FALSE,track,Olivia Rodrigo,0,83,day,229226,winner
0.561,0.431,10,-8.81,1,0.0578,0.768,1.42E-05,0.106,0.137,143.875,4,184,TRUE,track,Olivia Rodrigo,0,82,day,242013,winner
0.473,0.203,2,-12.627,1,0.102,0.941,0,0.126,0.419,168.884,4,184,TRUE,track,Olivia Rodrigo,0,76,day,163586,winner
0.442,0.612,2,-7.222,1,0.112,0.584,5.70E-06,0.37,0.178,180.917,4,184,TRUE,track,Olivia Rodrigo,0,83,day,215506,winner
0.563,0.664,9,-5.044,1,0.154,0.335,0,0.0849,0.688,166.928,4,184,TRUE,track,Olivia Rodrigo,0,82,day,178146,winner
0.638,0.259,7,-10.706,1,0.0898,0.753,0,0.219,0.269,88.485,4,184,FALSE,track,Olivia Rodrigo,0,74,day,202826,winner
0.395,0.443,6,-9.72,1,0.133,0.765,9.67E-06,0.0839,0.338,168.924,3,184,TRUE,track,Olivia Rodrigo,0,81,day,175933,winner
0.695,0.575,10,-6.334,0,0.116,0.198,0,0.0614,0.699,163.929,4,184,FALSE,track,Olivia Rodrigo,0,80,day,173160,winner
0.369,0.272,9,-10.497,1,0.0364,0.866,0,0.147,0.218,172.929,4,184,FALSE,track,Olivia Rodrigo,0,82,day,152666,winner
0.443,0.298,0,-12.181,1,0.0644,0.388,1.00E-05,0.103,0.172,77.253,4,184,FALSE,track,Olivia Rodrigo,0,70,day,209560,winner
0.824,0.764,5,-4.175,0,0.0854,0.0888,0.00294,0.117,0.881,107.998,4,185,TRUE,track,Doja Cat,0,52,day,172626,nominee
0.733,0.862,7,-5.736,1,0.197,0.374,0.00247,0.131,0.536,111.076,4,185,TRUE,track,Doja Cat,0,47,day,223560,nominee
0.619,0.707,1,-5.791,1,0.0499,0.0366,7.54E-05,0.13,0.558,168.995,4,185,TRUE,track,Doja Cat,1,44,day,212946,nominee
0.912,0.655,8,-6.029,0,0.162,0.315,3.39E-05,0.0894,0.793,91.942,4,185,TRUE,track,Doja Cat,0,51,day,138293,nominee
0.664,0.609,1,-6.509,1,0.0707,0.304,0,0.0926,0.194,130.041,4,185,TRUE,track,Doja Cat,0,51,day,210560,nominee
0.683,0.615,5,-5.737,1,0.0966,0.222,8.25E-06,0.154,0.45,77.014,4,185,TRUE,track,Doja Cat,1,47,day,188893,nominee
0.734,0.45,6,-7.075,1,0.0824,0.597,7.33E-06,0.0964,0.529,135.067,4,185,TRUE,track,Doja Cat,0,44,day,216853,nominee
0.828,0.621,8,-6.414,1,0.0565,0.0164,0.00233,0.0845,0.436,128.986,4,185,TRUE,track,Doja Cat,1,52,day,186173,nominee
0.678,0.531,10,-5.029,1,0.0374,0.126,3.44E-05,0.377,0.176,99.008,4,185,TRUE,track,Doja Cat,0,48,day,177373,nominee
0.842,0.522,7,-7.844,1,0.0985,0.293,6.91E-05,0.107,0.285,132.986,4,185,TRUE,track,Doja Cat,1,46,day,159160,nominee
0.855,0.488,3,-4.601,1,0.208,0.506,0,0.347,0.619,124.097,4,185,TRUE,track,Doja Cat,0,51,day,174253,nominee
0.82,0.656,8,-5.537,0,0.0399,0.209,0.0339,0.124,0.698,143.059,4,185,TRUE,track,Doja Cat,0,40,day,148253,nominee
0.691,0.656,8,-5.864,0,0.172,0.543,1.22E-05,0.095,0.746,169.973,4,185,TRUE,track,Doja Cat,0,42,day,228866,nominee
0.764,0.705,8,-3.463,1,0.0284,0.259,8.92E-05,0.12,0.781,110.97,4,185,TRUE,track,Doja Cat,1,48,day,208666,nominee
0.837,0.567,8,-6.709,1,0.0649,0.0158,0.00139,0.118,0.502,129.001,4,185,TRUE,track,Doja Cat,1,55,day,246040,nominee
0.829,0.761,10,-4.882,0,0.117,0.186,7.78E-06,0.0705,0.67,74.979,4,185,TRUE,track,Doja Cat,0,54,day,151506,nominee
0.779,0.558,7,-5.523,0,0.259,0.0417,0,0.0727,0.866,91.933,4,185,TRUE,track,Doja Cat,1,49,day,168573,nominee
0.722,0.592,9,-6.718,0,0.383,0.224,0.000697,0.0714,0.828,199.719,4,185,TRUE,track,Doja Cat,0,53,day,176733,nominee
0.592,0.635,5,-5.351,1,0.0971,0.212,0,0.305,0.476,155.907,4,185,TRUE,track,Doja Cat,1,45,day,178960,nominee
0.72,0.715,11,-4.652,1,0.04,0.258,0.0568,0.107,0.357,107.041,4,185,FALSE,track,Harry Styles,0,69,day,193813,winner
0.714,0.728,10,-4.595,1,0.0468,0.298,0,0.106,0.901,114.996,4,185,FALSE,track,Harry Styles,0,76,day,177954,winner
0.645,0.721,5,-4.394,1,0.0336,0.357,0.143,0.204,0.88,182.928,4,185,FALSE,track,Harry Styles,0,65,day,191958,winner
0.52,0.731,6,-5.338,0,0.0557,0.342,0.00101,0.311,0.662,173.93,4,185,FALSE,track,Harry Styles,0,87,day,167303,winner
0.686,0.445,0,-7.189,1,0.0398,0.484,0.00144,0.175,0.626,145.5,3,185,FALSE,track,Harry Styles,0,70,day,164533,winner
0.559,0.535,3,-7.723,1,0.039,0.719,0.000143,0.0954,0.402,141.96,4,185,FALSE,track,Harry Styles,0,71,day,202183,winner
0.507,0.294,2,-10,1,0.04,0.896,1.97E-05,0.0966,0.386,114.199,4,185,FALSE,track,Harry Styles,0,76,day,245964,winner
0.829,0.644,9,-7.696,0,0.0427,0.354,0.0511,0.0944,0.896,105.993,4,185,FALSE,track,Harry Styles,0,66,day,243507,winner
0.707,0.811,4,-5.298,0,0.0304,0.311,0.0152,0.131,0.899,113.971,4,185,FALSE,track,Harry Styles,0,66,day,187342,winner
0.721,0.479,9,-9.669,1,0.226,0.321,0.00156,0.182,0.902,164.948,3,185,FALSE,track,Harry Styles,0,72,day,140241,winner
0.576,0.457,0,-6.473,1,0.0304,0.143,3.05E-05,0.0917,0.301,138.984,4,185,FALSE,track,Harry Styles,0,72,day,218577,winner
0.417,0.202,0,-10.976,1,0.0357,0.935,0,0.108,0.323,118.029,4,185,FALSE,track,Harry Styles,0,63,day,194543,winner
0.555,0.536,7,-8.233,1,0.0452,0.669,0,0.0623,0.203,118.057,4,185,FALSE,track,Harry Styles,0,69,day,191638,winner
0.705,0.93,0,-3.388,0,0.0932,0.242,0,0.156,0.759,78.971,4,184,TRUE,track,Lizzo,0,45,day,165689,nominee
0.836,0.743,10,-6.305,0,0.0653,0.0974,0,0.335,0.723,108.965,4,184,TRUE,track,Lizzo,0,71,day,191937,nominee
0.889,0.449,0,-7.63,1,0.293,0.0313,0,0.0581,0.911,137.941,4,184,TRUE,track,Lizzo,0,45,day,121112,nominee
0.721,0.769,7,-4.111,1,0.105,0.0922,0,0.0817,0.915,155.932,4,184,FALSE,track,Lizzo,0,65,day,187107,nominee
0.795,0.588,9,-4.266,1,0.0396,0.166,0,0.169,0.662,120.035,4,184,TRUE,track,Lizzo,0,42,day,148490,nominee
0.517,0.707,7,-5.474,1,0.0693,0.0164,0,0.453,0.264,82.859,4,184,TRUE,track,Lizzo,0,48,day,174398,nominee
0.766,0.542,5,-5.147,0,0.0284,0.0195,0,0.11,0.733,91.481,4,184,FALSE,track,Lizzo,0,40,day,176882,nominee
0.699,0.72,0,-6.394,1,0.0565,0.00705,1.15E-05,0.147,0.848,123.999,4,184,FALSE,track,Lizzo,0,38,day,215799,nominee
0.382,0.51,9,-7.635,0,0.0539,0.275,0,0.648,0.408,78.145,1,184,FALSE,track,Lizzo,0,34,day,180401,nominee
0.773,0.66,11,-4.111,0,0.0576,0.0506,0,0.0416,0.548,115.02,4,184,TRUE,track,Lizzo,0,40,day,187544,nominee
0.596,0.644,11,-6.796,0,0.0366,0.188,0,0.163,0.357,141.997,4,184,FALSE,track,Lizzo,0,33,day,191659,nominee
0.637,0.807,2,-5.193,0,0.0411,0.133,3.89E-06,0.249,0.774,156.954,4,184,FALSE,track,Lizzo,0,32,day,175497,nominee
0.735,0.449,7,-10.56,0,0.0883,0.23,0.00126,0.132,0.0955,97.05,4,183,TRUE,track,Taylor Swift,0,74,day,202395,winner
0.655,0.384,7,-8.29,1,0.0349,0.0634,1.45E-06,0.0973,0.0384,108.058,4,183,TRUE,track,Taylor Swift,0,71,day,218270,winner
0.633,0.648,4,-6.645,1,0.062,0.121,2.62E-06,0.161,0.49,96.888,4,183,FALSE,track,Taylor Swift,0,81,day,200690,winner
0.663,0.321,9,-13.527,1,0.0409,0.701,0.000598,0.107,0.153,110.021,4,183,TRUE,track,Taylor Swift,1,67,day,256124,winner
0.696,0.39,2,-10.331,1,0.0616,0.447,1.55E-05,0.125,0.395,120.032,4,183,FALSE,track,Taylor Swift,0,76,day,194206,winner
0.604,0.375,0,-11.637,1,0.0633,0.71,5.87E-05,0.116,0.203,137.651,4,183,FALSE,track,Taylor Swift,0,75,day,174782,winner
0.654,0.51,7,-8.767,1,0.242,0.206,0,0.249,0.105,108.874,4,183,TRUE,track,Taylor Swift,0,64,day,210556,winner
0.872,0.267,4,-10.764,0,0.387,0.166,2.18E-05,0.123,0.168,79.964,4,183,TRUE,track,Taylor Swift,0,71,day,164801,winner
0.687,0.551,7,-9.202,1,0.0787,0.0593,0.000143,0.09,0.443,163.994,4,183,FALSE,track,Taylor Swift,0,74,day,194165,winner
0.48,0.295,0,-15.512,1,0.0384,0.797,0.333,0.12,0.132,110.018,4,183,FALSE,track,Taylor Swift,0,69,day,247962,winner
0.64,0.619,8,-7.108,1,0.065,0.062,0,0.475,0.121,90.008,4,183,TRUE,track,Taylor Swift,0,76,day,204852,winner
0.336,0.161,0,-14.973,1,0.0456,0.968,0.00011,0.115,0.407,176.48,4,183,FALSE,track,Taylor Swift,0,67,day,188496,winner
0.66,0.343,4,-14.132,1,0.14,0.565,0.00134,0.0922,0.137,125.96,4,183,FALSE,track,Taylor Swift,0,70,day,191039,winner
0.421,0.695,6,-4.346,1,0.0428,0.218,2.97E-06,0.155,0.45,156.344,4,183,TRUE,track,Olivia Rodrigo,0,74,day,165833,nominee
0.631,0.881,9,-3.545,1,0.0995,0.00177,4.50E-06,0.0639,0.808,129.981,4,183,TRUE,track,Olivia Rodrigo,0,78,day,184783,nominee
0.484,0.53,5,-5.821,1,0.0538,0.154,0,0.263,0.323,136.848,4,183,TRUE,track,Olivia Rodrigo,0,83,day,219724,nominee
0.395,0.367,3,-7.653,1,0.0324,0.815,0,0.11,0.426,77.968,4,183,FALSE,track,Olivia Rodrigo,0,75,day,177212,nominee
0.351,0.884,1,-3.452,1,0.074,0.0623,0,0.335,0.408,120.166,4,183,FALSE,track,Olivia Rodrigo,0,69,day,203369,nominee
0.55,0.409,7,-7.718,1,0.0316,0.386,0,0.122,0.252,133.099,4,183,FALSE,track,Olivia Rodrigo,0,72,day,198866,nominee
0.48,0.24,7,-8.146,1,0.0323,0.844,0,0.099,0.152,80.686,4,183,FALSE,track,Olivia Rodrigo,0,69,day,231907,nominee
0.553,0.847,5,-5.736,1,0.187,0.0143,0,0.561,0.733,162.024,4,183,TRUE,track,Olivia Rodrigo,0,76,day,211141,nominee
0.517,0.821,9,-3.504,1,0.105,0.00341,0,0.148,0.617,160.052,4,183,TRUE,track,Olivia Rodrigo,0,74,day,154516,nominee
0.511,0.313,10,-9.32,1,0.0846,0.905,0,0.0832,0.331,126.962,4,183,TRUE,track,Olivia Rodrigo,0,74,day,189386,nominee
0.559,0.845,2,-4.394,1,0.0501,0.00243,1.46E-06,0.0726,0.566,123.941,4,183,TRUE,track,Olivia Rodrigo,0,70,day,199422,nominee
0.426,0.218,0,-11.705,1,0.0341,0.835,0,0.108,0.116,135.205,4,183,FALSE,track,Olivia Rodrigo,0,69,day,222358,nominee